,120_51YR_M,121_52YR_M,122_55YR_M,123_57YR_M,124_60YR_M,28_43YR_F,29_44YR_M,30_41YR_M,31_47YR_M,32_50YR_F,33_46YR_M,34_50YR_M,35_42YR_F,36_47YR_M,37_41YR_F,38_43YR_M,39_44YR_M,40_45YR_M,41_46YR_M,42_46YR_M,43_47YR_M,StartPos,EndPos,Gene_ID,labels,mean_value
0,0.0014257625374003563,0.0008410717273571155,0.0007168082167917322,0.0015651422576066162,0.0014187835274238328,0.001301508990361233,0.0007350447216309542,0.0019589721351143084,0.0012855844748663652,0.0017721680889677637,0.0019173588550855693,0.0016512733833769907,0.00100902676532069,0.0010846245574111916,0.001681295615834791,0.002098985552645437,0.0012974180664754938,0.0016650090911471264,0.0011898864264093595,0.0019488261707646536,0.000989620549164456,43088121,43116916,A4GALT|A14GALT|A4GALT1|Gb3S|P(k)|P1|P1PK|PK|-|22q13.2|protein-coding,1,0.0014073415100550493
1,0.0024427342465075824,0.002414028644137968,0.0022598602075085336,0.002137485910666316,0.0025950621563431676,0.002259493052000152,0.0021246591349928386,0.002375755574619081,0.0025756483381468983,0.002461500054085831,0.0022404585618989864,0.0023344858926464753,0.00232412020423013,0.0020691129957242245,0.0022811858855778288,0.0024904786381866766,0.002420513657156124,0.0024709413919462688,0.0020944557747003072,0.0023411573521882304,0.002190288674567615,41865129,41924993,ACO2|ACONM|HEL-S-284|ICRD|OCA8|OPA9|-|22q13.2|protein-coding,1,0.0023287345879919636
6,0.002150656674001975,0.002897107649852312,0.0024285334763262914,0.0026232958808797596,0.0022741622955178386,0.002602057221133124,0.0025569757294410557,0.0025448981253517245,0.0029174683349899966,0.0028114836604115085,0.0023210258409758536,0.0028187281128711117,0.0029294953043494647,0.003026091511208093,0.0028241877438450152,0.0029312774139883886,0.0029060282241618403,0.003288523319890773,0.0022936433492515744,0.003153743258863003,0.0031497312071861795,40742504,40762752,ADSL|AMPS|ASASE|ASL|-|22q13.1|protein-coding,1,0.0027356721111665185
11,0.0018881401783910883,0.0020872143309380612,0.0018581710925497249,0.001721188733730271,0.0019954115334101853,0.001970838170935784,0.001469142678204261,0.0019307442227247515,0.002205245577137202,0.0014455540397218098,0.0016332969020516656,0.0019779489244644614,0.002068637985894924,0.001969710474568177,0.0015224547625454056,0.002083534468072794,0.0018432297778084548,0.0018243316109636972,0.0014778230149768937,0.0018418757635175558,0.0016130348383361665,29723669,29784572,AP1B1|ADTB1|AP105A|BAM22|CLAPB2|-|22q12.2|protein-coding,1,0.0018298823371877774
16,0.0037553167245620157,0.003438692752684541,0.002302507105866617,0.0023761681559945043,0.002674991959793774,0.0038180586080429667,0.0037267039581643452,0.002322111294898688,0.003563246831365958,0.002311906901282093,0.003216639717959942,0.0027537106794099427,0.002690499112928875,0.002648777636315642,0.0016283486647383292,0.0029175977913412712,0.0023648245872734007,0.0031679219417287867,0.004355093292292939,0.003383708197026369,0.0017889409084655093,39410265,39414825,APOBEC3C|A3C|APOBEC1L|ARDC2|ARDC4|ARP5|PBI|bK150C2.3|-|22q13.1|protein-coding,1,0.002914560324863643
26,0.0033119005711412046,0.00393928632250424,0.0035830839216513728,0.004617728360894831,0.0038826757995223575,0.003694120621017918,0.00344101760201926,0.003786251499678135,0.0031717269535466094,0.004231009331170273,0.003867941330409022,0.0034650903504069045,0.0034017534169594726,0.004331039983899971,0.004073499302098749,0.0029114960891533483,0.00319565060520685,0.00371367923628151,0.0029233736612205995,0.0035821917653145814,0.002981171101610771,43192532,43253408,ARFGAP3|ARFGAP1|-|22q13.2|protein-coding,1,0.003624080372652761
30,0.001648236140006442,0.0019315707222571476,0.0015978229449672083,0.0019064695621668504,0.0017069794657147187,0.0017322495395826548,0.001502161109589712,0.0017668873767025031,0.0019814894606389744,0.0014191058583561348,0.0016425520534036472,0.001868457025117802,0.0018058855320880547,0.0017337364698557882,0.0015397971882147182,0.0018171262773839718,0.0017630296736463635,0.001955584076801443,0.0015398530224121122,0.0018636539714448883,0.0017264009399657993,30184597,30234293,ASCC2|ASC1p100|p100|-|22q12.2|protein-coding,1,0.0017356689719198542
32,0.015866643033508248,0.021044431964799947,0.02015560481278224,0.021469188616792863,0.016556685460993075,0.012729424052381467,0.01819161720016483,0.01452376700253759,0.01522768091396588,0.02106940492571489,0.01760045013259191,0.014615580188997421,0.014764312277707432,0.015335009115565764,0.020551168564173283,0.015057623196073575,0.017987765660393937,0.016263545187905157,0.01904824174267438,0.01632082620914605,0.015023291671125533,39916569,39918691,ATF4|CREB-2|CREB2|TAXREB67|TXREB|-|22q13.1|protein-coding,1,0.01711439342523788
34,0.006559614740260008,0.00584067237045216,0.006670995876332076,0.005569728802658378,0.00675141193577469,0.005040892063143682,0.004933356024135881,0.004867909114669202,0.006307298843464574,0.007161579776461089,0.005350782695097701,0.006111003395837254,0.005835643937043448,0.0057098373160976955,0.0066240183136015065,0.004502760971032759,0.005973437098019038,0.004611810014773946,0.006678284719410614,0.005429997238911362,0.004661411588636309,18074903,18111588,ATP6V1E1|ATP6E|ATP6E2|ATP6V1E|P31|Vma4|-|22q11.21|protein-coding,1,0.005771068896943494
35,0.003282575040675924,0.0036891137543610952,0.003374209835927491,0.003735630503772856,0.003391880832101131,0.0034310859956693225,0.003264919301296855,0.0035757230056811208,0.004590733211892136,0.0032683794919402312,0.003117799447752238,0.003959921729175705,0.00332526234798296,0.00504116279186347,0.002813283036795372,0.0031122617740462913,0.0028071016898103124,0.003800330272477012,0.0030123322360727962,0.003127005657051229,0.0033229569929512487,46067678,46241187,ATXN10|E46L|HUMEEP|SCA10|-|22q13.31|protein-coding,1,0.0034782699499665143
61,0.0019344250517760494,0.0016149421839270208,0.0015938879443705772,0.002298209883160039,0.001480767496126297,0.001338765112214585,0.0018564879324142294,0.0015841369478856507,0.001313207370087071,0.001981794415347558,0.0019279192200897539,0.0015299216264608672,0.0013285075353430722,0.001960051434997048,0.002146913468653303,0.0016305322878952366,0.0012790838128345266,0.002057657000360805,0.0016970236493594566,0.001869799307345175,0.0015973502113156045,39052658,39069855,CBY1|C22orf2|CBY|HS508I15A|PGEA1|PIGEA-14|PIGEA14|arb1|-|22q13.1|protein-coding,1,0.0017153039948554247
68,0.003939514032384101,0.004138902666598596,0.0040524125063252465,0.004135556443413664,0.0036780696704530797,0.004019818121804674,0.0026378057962376977,0.0057099106288549095,0.0032657941102441483,0.004256058137860516,0.005581924167324118,0.003963098476738955,0.003920807270563144,0.004418582671658557,0.004245609738665411,0.004759819779336861,0.0036593993737724876,0.003761054386672649,0.003836744564620598,0.00412017818886601,0.0038825408063367477,37956471,37965410,CDC42EP1|BORG5|CEP1|MSE55|-|22q13.1|protein-coding,1,0.004094457216130104
74,0.0013632249603840348,0.001251235491015836,0.0016023960537686988,0.001135592174288712,0.0007553779652540302,0.001461422086453845,0.0017807467278024422,0.0016769179348234372,0.0014300980772758494,0.0016784099857137837,0.0013339283525510225,0.0015236740229198102,0.0015027883912975897,0.0013528768715764666,0.0014988060002690702,0.001594906220281881,0.0016160615121072746,0.0016565769800704834,0.0015425773132791995,0.001656545370314168,0.0017949963657329416,17618410,17646177,CECR5|-|-|22q11.1|protein-coding,1,0.0014861504217705036
79,0.0021185045863834143,0.0023787510823938506,0.0018057398683838013,0.0021176065510935273,0.0023396882052890153,0.0017308617757313834,0.00179530324056377,0.0019233217437697287,0.001954506478048864,0.0018843979379374529,0.0018722696561912988,0.002149493292879924,0.002096285360223784,0.0022209677697412125,0.0014645152949683844,0.002200155711503254,0.0018985266711427085,0.0021626145934990197,0.0016431665145254998,0.0021300596733678503,0.0021300319112671014,47080307,47134152,CERK|LK4|dA59H18.2|dA59H18.3|hCERK|-|22q13.31|protein-coding,1,0.002000798472328802
82,0.002279147251261498,0.0017028876547539058,0.001595908620352631,0.0020901912251467406,0.003372990479734666,0.0020197301589267164,0.0020677348859017924,0.0013370583681252663,0.003044171035847906,0.00121073896918423,0.0022714277221921562,0.0025017945976442725,0.002245990772330426,0.0017547662775296384,0.0015241627287098077,0.0019056993736602705,0.0024779675215069624,0.002071525604105284,0.0026604795925466752,0.0018651633521923271,0.0015271664688881524,24108021,24110159,CHCHD10|C22orf16|FTDALS2|IMMD|N27C7-4|SMAJ|-|22q11.23|protein-coding,1,0.002072700126692444
89,0.005174837281582212,0.005371257209075326,0.005469225423847422,0.00467554741324706,0.006122481266673687,0.005117859581356482,0.005437153380436472,0.0058841139606932505,0.004367936964339803,0.006542776294984822,0.005663322036906933,0.004594953567069242,0.00466810555890396,0.0041174407164219695,0.005199968678528185,0.004142465298291061,0.0036325352802023003,0.0037406398019607765,0.00615857384630473,0.004115865672444757,0.003485759450633033,19950070,19957498,COMT|HEL-S-98n|-|22q11.21|protein-coding,1,0.00493727708018588
91,0.0021903462473626158,0.0024321642920768455,0.0029837939659211926,0.0023036669622584515,0.0023037965357927312,0.002052075731767879,0.0019711648500217636,0.002961569103054148,0.002487873655650216,0.0023401742697258298,0.0022091334342461246,0.0028420242616682733,0.0023886307443308037,0.0017868000543351545,0.002348322094040091,0.0027226385649819964,0.0017770499852541618,0.002420237776656455,0.002057153945904804,0.0020912470255765644,0.0018380794551438526,50312278,50321188,CRELD2|-|-|22q13.33|protein-coding,1,0.0023099020455128547
100,0.0033055408175463245,0.002815497234127364,0.0030328219463278674,0.003226433051709073,0.0033323762221467656,0.00326039104196299,0.0035348656883585528,0.003600014754988469,0.003503415000405278,0.0037458461311978128,0.0035581310716907583,0.0031239076621139288,0.0035269857829009392,0.0033339581142473648,0.0038272894103995696,0.003276515660363116,0.003294184963009908,0.002936038887121104,0.0032901051240977358,0.003520846219222244,0.003122233475004561,38686697,38714089,CSNK1E|CKIepsilon|HCKIE|-|22q13.1|protein-coding,1,0.0033413046789972254
101,0.03051362665537614,0.025737092977367825,0.025427123044490817,0.023707500560325088,0.030672383202131965,0.024423042516387355,0.024365353795450934,0.023169492981708763,0.020444781939105917,0.028862382555731144,0.029425092542614335,0.02152511203065011,0.02096285360223784,0.021481581739866903,0.02919912678259115,0.021815258369198055,0.018872712042016227,0.015220404288660451,0.031123137108949,0.020770804091327456,0.017612049287848444,43013846,43045405,CYB5R3|B5R|DIA1|-|22q13.2|protein-coding,1,0.024063376767335044
106,0.0032445342923213627,0.0022624841887583075,0.003499917152284735,0.002775704304271139,0.002443939337411445,0.0025597837992021,0.002039450279804578,0.00264645113287272,0.0025074976429884776,0.002878093894962097,0.002605443761369449,0.0026883755711924486,0.002389552323475099,0.0022468882303624694,0.0035562483183102385,0.0025847597784452252,0.002614935181060069,0.0028989819779158574,0.0025952013921545455,0.002999031732250518,0.002611589668714867,24313554,24316680,DDT|DDCT|-|22q11.23|protein-coding,1,0.002697564950482273
107,0.008148610953262287,0.0065217529022936985,0.00711075878084748,0.00803567890286724,0.007236421732783687,0.007162676240671558,0.011680713898724068,0.008357711303355816,0.006835973328441558,0.010717110951800076,0.009812833548832018,0.007043802371992694,0.006043101642192596,0.009148088604448514,0.008557961539755146,0.006794442215354855,0.005951671299578959,0.008349343249495959,0.008010462953416304,0.007702585580001655,0.006689890503434834,38879443,38902345,DDX17|P72|RH70|-|22q13.1|protein-coding,1,0.007900552023978618
114,0.0017004096741274036,0.0017113343948898213,0.001659506738103589,0.0012709797081112335,0.001742635005806422,0.0015777807478296441,0.001964655840250438,0.0016796170180798094,0.001583570456513671,0.001765591027993231,0.0016277200800831634,0.0014469026234746186,0.0015474337809545636,0.001508521901627695,0.001499857056370241,0.0015444195554043907,0.0011404494029504226,0.0014452194590046292,0.001852413009201397,0.0014366070328302172,0.001321280921795457,19023795,19109967,DGCR2|DGS-C|IDD|LAN|SEZ-12|-|22q11.21|protein-coding,1,0.0015727097826381932
116,0.001757058590407725,0.0015351950197026421,0.0020391811199947586,0.0015917780008250584,0.001763178264004953,0.0018879993441214538,0.0018046525455080375,0.0016318207520815556,0.0016810504805743857,0.0014813780314128827,0.0014566184358580634,0.0018389132727795834,0.0018884180643438367,0.001500941389559214,0.0015903792630835465,0.0016511993436930394,0.0013666372272804282,0.0014025041594716348,0.0019238732542534564,0.00148081032614807,0.0016070786508600038,20301761,20307628,DGCR6L|DGCR6|-|22q11.21|protein-coding,1,0.0016609840731411584
123,0.002180335524111416,0.002783076658017453,0.0026267724253025214,0.002524678665744161,0.0024254031791518514,0.0024123605777709267,0.002460405693561027,0.0026769282813092535,0.0028103896214703486,0.002548681096365278,0.0022958708142243136,0.0024850637271444927,0.0027145625683632534,0.0030674175286136826,0.0025896708512713573,0.0024762085282310506,0.00283935821092196,0.0029258315947651675,0.0018882479121453918,0.0026603913802715528,0.00288994216343421,31795539,31830172,DRG1|NEDD3|-|22q12.2|protein-coding,1,0.00258483795248527
128,0.008515238970685658,0.007615108882827937,0.006131049983653794,0.007991112756896871,0.0065394857951634085,0.00799672231528543,0.00999488036795077,0.007315077933779793,0.009721019423481383,0.0076438042896151415,0.007756410111893593,0.008280933764707414,0.008450471162457404,0.008807699159308987,0.00733295565384098,0.008265542929952753,0.009632934515928645,0.01015470261053721,0.008313383141752817,0.009203341294598025,0.008797090362709977,36906897,36925277,EIF3D|EIF3S7|eIF3-p66|eIF3-zeta|-|22q12.3|protein-coding,1,0.008307569782239429
129,0.010914043808102679,0.0089955298112166,0.008860557829938632,0.00899755405918982,0.0073273315535473,0.009391638487943749,0.013258971249822185,0.008793388325655191,0.00961031453838836,0.012500334100703758,0.010787234868094516,0.008349233837317276,0.008259397086540173,0.010813600465687974,0.009749465012444504,0.00783271573281591,0.007927260662496001,0.010505744708517452,0.011070679840499057,0.008865132194261185,0.009004762766045522,38245379,38284789,EIF3L|EIF3EIP|EIF3S11|EIF3S6IP|HSPC021|HSPC025|MSTP005|-|22q13.1|protein-coding,1,0.009610232901867992
136,0.004876753275125885,0.005380076599511355,0.004487495950671682,0.005299213595922782,0.004652575723158107,0.0059203073405875665,0.005537392130914884,0.006582164367872453,0.005673572034964827,0.004992549029540659,0.005592721843901431,0.0055197047827311154,0.005629824594817489,0.006627079276383881,0.005025493365733889,0.0060360596821269034,0.005205555416115005,0.005841344948344444,0.005200147363179825,0.00550093813404099,0.005605864382773196,29663998,29696515,EWSR1|EWS|EWS-FLI1|bK984G1.4|-|22q12.2|protein-coding,1,0.005485087325638969
137,0.0017297352045926842,0.0025284322862729413,0.002383015091046342,0.002113058985178184,0.001794701539516492,0.0017521052377623783,0.00196489253151485,0.002582797752743281,0.0016605732763953296,0.002456042492851644,0.0022329832473454623,0.0018145582081280053,0.0019719745734266135,0.0019342532406994761,0.002903673861496031,0.0019615988388657565,0.0019878448800567244,0.001843081963226232,0.001823388833425121,0.002000899806551295,0.0019350660412140374,42470255,42475442,FAM109B|IPIP27B|Ses2|-|22q13.2|protein-coding,1,0.0020654608520147082
139,0.0021821021223322155,0.0018022610681176178,0.0007155320003820139,0.001121169893814336,0.004241002170973745,0.0014799967718477798,0.0017099760397433035,0.0026232840015888606,0.0012372710712564047,0.0011735156028177245,0.0027525769367086478,0.002239818815261646,0.0017935978101641169,0.0012445489087914011,0.0013088276099825105,0.000888880228408364,0.0002978580885628769,0.0007423586212344522,0.002171259821068576,0.0005502770953520022,0.0006846637503849185,48885272,49147747,FAM19A5|QLLK5208|TAFA-5|TAFA5|UNQ5208|-|22q13.32|protein-coding,1,0.0015695608775615957
142,0.0037011410457908145,0.004055056349072964,0.00967552835891119,0.010269573210938847,0.00569815672664196,0.007450904117473996,0.018192090582693655,0.010894174793531379,0.005153962978921279,0.017487705443945317,0.012865372313974128,0.007264162761296752,0.007784271838814579,0.007847786252056673,0.00970624033028387,0.0067289965386618114,0.004570621584142264,0.014369315814069288,0.008841057326624033,0.011126939244298343,0.006472688200137429,45898719,45997014,FBLN1|FBLN|FIBL1|-|22q13.31|protein-coding,1,0.009055035514870503
143,0.004489868264770674,0.004592790732137348,0.00386906274879573,0.0055038540621132545,0.0048040527361967005,0.004158808009062738,0.004490506668421337,0.004614307750372587,0.004097573877913203,0.004615137679576504,0.0048785326645735,0.004620367547575237,0.004092016196036678,0.005554925883988577,0.004686002245055832,0.004198955250805055,0.0045604249938820465,0.005225689890919548,0.004456520736882959,0.005025051946955617,0.004655852480325223,32871224,32894818,FBXO7|FBX|FBX07|FBX7|PARK15|PKPS|-|22q12.3|protein-coding,1,0.00462810963649335
148,0.00117502336326147,0.0028143792832270222,0.0010308638049498903,0.0014139032083077534,0.002128470452891475,0.0016526132447327957,0.0009111430223533596,0.0011784872268134129,0.0011560021671707759,0.0008210131220762689,0.0010022854291050066,0.0019187555282025827,0.00228070358676555,0.0012490727627677525,0.0008158822985335666,0.001519323844792773,0.0014649754968092518,0.0013403728146963705,0.0008479879225899037,0.0015812919587632867,0.0020659036261070816,29702985,29708778,GAS2L1|GAR22|-|22q12.2|protein-coding,1,0.0014461168649960643
169,0.0009461900070605043,0.0033218047752154754,0.00047868750501180813,0.0019553234131431153,0.0013789957227519653,0.0007630566160680849,0.0005630885180357559,0.0010244145575955127,0.001783863109890063,0.00022278044832885975,0.0004826917397418216,0.001770930874926048,0.0020351539436521938,0.0012642337869047144,0.00034908200760123774,0.002432118809195738,0.0021296167023285876,0.0032149642456300582,0.00038705886396232596,0.0028967172801562685,0.0027995073835878044,46692638,46726707,GTSE1|B99|-|22q13.31|protein-coding,1,0.0015333466814660924
170,0.001916287976709169,0.0021821159407004057,0.0017954237857385792,0.0021268316133789393,0.0021164278532578534,0.0019067875316463533,0.0020716402917645873,0.002316600666583595,0.0019717841190749425,0.002390971570444031,0.00219548801879128,0.0019348510491897122,0.0019702338128207222,0.0018690852901752776,0.001947475573456209,0.002153408799579652,0.0021487353090664943,0.0021527401476329508,0.0018572329084277825,0.0020936189096082544,0.001906178531954648,24936391,24951903,GUCD1|C22orf13|LLN4|-|22q11.23|protein-coding,1,0.00204875808095245
172,0.005615073558205583,0.007909875270218048,0.0038212046334312965,0.005647817005947567,0.005145495855220561,0.004701530425975182,0.0063210769073824705,0.006163244154123052,0.007364327857103244,0.005936986997990078,0.005259417739443522,0.008764540635419402,0.009849837894228518,0.008669905012515793,0.005959619475649132,0.00808249186431507,0.007997754397083461,0.007960245702840867,0.004055002175241477,0.008183323348060937,0.005639913921178594,38201114,38203443,H1F0|H10|H1FV|-|22q13.1|protein-coding,1,0.006621365944360661
177,0.006324186084034722,0.010217574362056845,0.005372658382178743,0.006565515807663948,0.013987125280344634,0.006409227220496888,0.0032378181515216996,0.008553957148454529,0.013694983511584552,0.007291721621276315,0.0079626338689416,0.00952018298913097,0.007339865895898831,0.00799609530268679,0.006653316502421633,0.009025303266900557,0.010801718674506015,0.006540544474726078,0.008621542350987575,0.007077055073098771,0.005120038024300847,35777060,35790207,HMOX1|HMOX1D|HO-1|HSP32|bK286B10|-|22q12.3|protein-coding,1,0.008014907809200597
190,0.0018601101532877277,0.0022224863898794136,0.0017568182393446028,0.002359147266425646,0.001763532458111824,0.0017074832923907413,0.002046669363369139,0.0019730298604079127,0.0019336026654494108,0.0027056909349488087,0.0021028178494848977,0.001859773915111587,0.0018152037212137075,0.002067890332487373,0.0024676169615229383,0.0017295373266218547,0.0018163656842382677,0.0019168629351468585,0.001959393815943556,0.0019906575800508167,0.002087643710395076,39081548,39096459,JOSD1|dJ508I15.2|-|22q13.1|protein-coding,1,0.0020067778312301034
193,0.00971911677155353,0.012960653221195403,0.010615780798771086,0.013254335616861075,0.013187945310540862,0.008174889843575528,0.00808975238069991,0.00866551925638457,0.00888721326581544,0.009365454952799791,0.008742914321385607,0.00906982607624766,0.009852909824709502,0.008359715349326504,0.011629147467375218,0.006609619687791645,0.007366644286458301,0.00720601555680114,0.007165723223783311,0.007302060617377695,0.006762655260435289,38864067,38879452,KDELR3|ERD2L3|-|22q13.1|protein-coding,1,0.0091898996709471
203,0.0012830214011597127,0.0015773045036155153,0.0012274011320464958,0.001490822037504426,0.0013860796048893898,0.0013871233448781053,0.0017779064326295,0.0016572371194123919,0.0013997022273225632,0.0015099252747917062,0.0015733757298369113,0.0012430613214994546,0.0014489272101976625,0.0014070408529689993,0.0013780659306471144,0.0012993673223732983,0.0012177081829989897,0.001460308499878622,0.001265852229433909,0.001229498431699497,0.0013251524436549628,44888450,44894005,LDOC1L|Mar6|Mart6|dJ1033E15.2|-|22q13.31|protein-coding,1,0.001406899106354249
224,0.004270103446103149,0.007560701939011305,0.004303827139039736,0.005909756802671371,0.005902762855711238,0.004489309307796201,0.0037478878263292044,0.005141528679783912,0.005031633014372438,0.004245143015392141,0.004859310427150153,0.005717404372750665,0.005614157749364469,0.003943578004141649,0.004150883307547424,0.005982817409809707,0.00439786781454128,0.004354852524596245,0.004249893752656184,0.004823226178440933,0.0045902351482961625,50941376,50946135,LMF2|TMEM112B|TMEM153|-|22q13.33|protein-coding,1,0.0049184228912145505
249,0.0029207757250560747,0.002486322802360068,0.00267782108169125,0.002854052368469777,0.0029466588397640023,0.002881318008435042,0.003127993404834608,0.0031810945412390685,0.003100803303655608,0.0033121799192812698,0.0031493618869782277,0.002760170066121883,0.003122719731603386,0.002946496134489044,0.00338256129759182,0.002893879884449507,0.0029099499896465394,0.0025902113841487846,0.0029077613789438303,0.003109216526813556,0.0027583104202110117,38686697,38794527,LOC400927-CSNK1E|-|-|22q13.1|protein-coding,1,0.0029533170807516363
255,0.001649649418583082,0.0017525743614357618,0.0018103129771852914,0.0014975784211500795,0.0018484209790586275,0.0014023887472420862,0.0016710403267475565,0.0015489364037504661,0.0018090330066934863,0.0017265484745486628,0.0020408795288985575,0.0015543825826978869,0.0019461703573863444,0.0012676572439678994,0.001903068453181757,0.001710248074543905,0.0013544797542778618,0.0017383462677479293,0.0015545222809271978,0.0015932591918322665,0.0012750211990639254,21336558,21353326,LZTR1|BTBD29|LZTR-1|NS10|SWNTS2|-|22q11.21|22q11.1-q11.2|protein-coding,1,0.0016502151452819347
259,0.0037433038566605757,0.004008847711858838,0.00307153384408932,0.004073709546964987,0.004232973771217998,0.0035267349503415395,0.003573328018825476,0.003400282594016942,0.0037365565021522397,0.003757600878471446,0.0035046173119504536,0.0034831978115174257,0.003503639111245457,0.004179185209882983,0.0033441977498990987,0.0032462039785263385,0.003443212051428464,0.004179553373266036,0.00350270459214851,0.003871238178449126,0.003911527585387407,22123319,22221970,MAPK1|ERK|ERK-2|ERK2|ERT1|MAPK2|P42MAPK|PRKM1|PRKM2|p38|p40|p41|p41mapk|p42-MAPK|-|22q11.22|protein-coding,1,0.003680673744204793
264,0.0014239959391795563,0.0029571043481706532,0.0015244405014084108,0.00311755133065027,0.0021176085002807578,0.001937745340636245,0.0014529293265920502,0.0020896527494436517,0.003198389979821422,0.0006322374783604198,0.0011714885807450847,0.002859708156437028,0.003326081529444556,0.002274887218486375,0.000945293580990179,0.0034145912760027235,0.0038747042988824545,0.0032783160275348363,0.0010752566491557633,0.0027465338957861005,0.003118858302101402,35796116,35820495,MCM5|CDC46|P1-CDC46|-|22q12.3|protein-coding,1,0.002311303571909997
265,0.002778152362030151,0.0027101614159618296,0.0021010776158660923,0.0026652634177556467,0.0030958926234590785,0.0028400053460933593,0.0022457267167394924,0.0025416367330836085,0.002687419744290913,0.0022464161664718504,0.002511231066837737,0.0027339089529323556,0.0030326097708278424,0.0024015551298242166,0.002332819016547827,0.0025850550220994795,0.00262924962507922,0.002449306370104882,0.0021109063003207956,0.0024774328710998545,0.0027353790984277846,20861829,20941919,MED15|ARC105|CAG7A|CTG7A|PCQAP|TIG-1|TIG1|TNRC7|-|22q11.21|protein-coding,1,0.002567200255516857
272,0.0012725395850496325,0.0016202835048953206,0.0009967250159899279,0.0016499868445414593,0.0015918663809815709,0.0018446584115356056,0.0010582466431853152,0.0015453376260753035,0.0015707722039017607,0.0011325139248275515,0.0012662945542096168,0.0016372956940986939,0.00175345791854592,0.0015185477401698795,0.0015283669531144894,0.0017275690355934923,0.001593021139884669,0.001602544899881995,0.0013268344326894787,0.001773198939509087,0.0022011090818159777,38302155,38338465,MICALL1|MICAL-L1|MIRAB13|-|22q13.1|protein-coding,1,0.001533865263356988
275,0.02513386398018112,0.03309234038424966,0.03500736057814304,0.032413490679114004,0.020283397788789802,0.03256558678712172,0.028362595868838006,0.031557456509896414,0.030260615084020535,0.030580814657162298,0.040346052482166335,0.03235189129254552,0.030378627719503257,0.033090524641126946,0.046302568570900045,0.04139001106081143,0.03437201945823163,0.025872046708569817,0.03276619884305654,0.025785829437603658,0.026059908524872742,24236565,24237409,MIF|GIF|GLIF|MMIF|-|22q11.23|protein-coding,1,0.031808247669376406
301,0.00779800009304084,0.00576812977869665,0.0055780228727758995,0.004280169039521596,0.009246709418682464,0.004717863338993987,0.0037057567812638975,0.006207554104248492,0.005600302038761641,0.006625199463367799,0.004705176560403686,0.0059392472442509085,0.005056602367065792,0.0038165432938327523,0.007229295245863043,0.0068056614742165195,0.004830242459229326,0.004892843401052061,0.005190298003891126,0.0037198688520631135,0.004302054944241151,36682893,36682953,MIR6819|hsa-mir-6819|-|22q12.3|ncRNA,1,0.00552454956073632
316,0.001484649144760358,0.002317512216408463,0.001147424903704154,0.0017478244769487134,0.001294697525316614,0.0011934769120930597,0.0009119714417788011,0.0012717180609605949,0.0014197528230812221,0.001785742023319459,0.0015896315725961614,0.0015815967201563894,0.002123318348456447,0.00108694761756121,0.0017818028555092156,0.001584179034177307,0.0016658679337629497,0.001507683650269761,0.0013960942889642749,0.0014992463338489308,0.0006914140961912364,37415791,37425863,MPST|MST|TST2|TUM1|-|22q12.3|protein-coding,1,0.0014801215228507295
317,0.0022558281547469376,0.001933185540224308,0.0026148610721451514,0.002286386211780145,0.0017364956412873208,0.002031579527195261,0.0019684429004810274,0.002412867969394195,0.002321176415380087,0.0022703454734217467,0.0021546704282133086,0.002051755359517287,0.0020493872215474216,0.002825574740364405,0.0020383919262074533,0.0019839389420376673,0.0022532503592337183,0.002499788087734784,0.0019426289490691725,0.002179545799301739,0.0019249405225045607,19420027,19423601,MRPL40|L40mt|MRP-L22|MRP-L40|MRPL22|NLVCF|URIM|-|22q11.21|protein-coding,1,0.002177859106751795
320,0.029476162406907633,0.028133855490933852,0.01954046850329806,0.027186908207382,0.03379188876604912,0.022811314929734317,0.022851949850801658,0.027251968868773725,0.028078726317900066,0.0282223085791883,0.027505241916010927,0.027491255737603196,0.031041652714982403,0.0296780715470737,0.03537749730929638,0.0252462848752876,0.02563148267834621,0.021556913865097758,0.02498373807913185,0.02180181895473874,0.023258217205877008,36677323,36784112,MYH9|BDPLT6|DFNA17|EPSTS|FTNS|MHA|NMHC-II-A|NMMHC-IIA|NMMHCA|-|22q12.3|protein-coding,1,0.02671036794306736
322,0.0015464800824883595,0.0016654984079758092,0.0012559032985302026,0.001335815005018564,0.0017445240410430684,0.0014611018332573978,0.0015745886364997336,0.0015491613273551639,0.0012517757575499027,0.001053869068068243,0.001464449717771279,0.0014689280732464805,0.0013602508169799116,0.0014240358719612388,0.0010525013033095654,0.0015178476265215012,0.0010646612849586176,0.001406942112669868,0.001378910300418032,0.0014911603655590796,0.001269164281379032,42454338,42466846,NAGA|D22S674|GALB|-|22q13.2|protein-coding,1,0.00139702710536005
326,0.0033136671693620046,0.004045740091570115,0.0037956803052369317,0.00404850303874851,0.003401444072986654,0.0032061615006979383,0.002722896305793752,0.003616321716329049,0.004238674612959512,0.0034981568136462538,0.0029237972367203114,0.004302798682835747,0.0036407496083800625,0.0036891417845527994,0.003484645121418001,0.0040055706572684705,0.005287128138196742,0.0043706072584499735,0.002921068492025372,0.00410174218116515,0.0036848946519194106,42481530,42486959,NDUFA6|B14|CI-B14|LYRM6|NADHB14|-|22q13.2|protein-coding,1,0.003728542354298227
330,0.0026477774133351075,0.0018364206789613937,0.002583381067372102,0.002011063578219758,0.0024523219312740643,0.002636751317414899,0.0033798329101688007,0.0025497339828527243,0.0019658116011893843,0.002734098240860089,0.0025830178177088776,0.0020513317931755205,0.0018587227363609873,0.0029565219730312282,0.0024271513016278757,0.001744299509334571,0.001279574033520114,0.0016494762549533104,0.002445365394464744,0.001534608968503213,0.0016226640080892966,29950798,29977085,NIPSNAP1|-|-|22q12.2|protein-coding,1,0.0022357107863056223
341,0.002152069952578615,0.002480981481391769,0.003114818850652263,0.0025007714620749245,0.0020705006840668846,0.0021372630820228216,0.001753527232395081,0.0025229680738937024,0.00299095163540338,0.0032048478816755943,0.00212773556466331,0.0025869314323393538,0.002810406799369968,0.0024817618381616914,0.002492973689963676,0.0030422890279880157,0.002235602414552574,0.0027227952359460007,0.0020616595038772945,0.0021890333354284974,0.0025141067336883352,43265772,43411184,PACSIN2|SDPII|-|22q13.2|protein-coding,1,0.002485428376768274
343,0.003835166964142178,0.004734273629413933,0.004423791481553248,0.005534777510337592,0.003679840640987436,0.006888539504512794,0.0032651559925612667,0.004763657023891835,0.0038075868041483408,0.0024011870055746887,0.005172680359465332,0.0042837381974562515,0.003984703424567621,0.004970370590449753,0.0022675221562626128,0.004042672943153098,0.004693274799676219,0.004525380876238354,0.004538249462895577,0.006541763972310626,0.005066630876597921,44464997,44565112,PARVB|CGI-56|-|22q13.31|protein-coding,1,0.004448617343628414
348,0.0021282797632051747,0.002418873098039449,0.002137237080808108,0.0025432587207697083,0.002041574832005735,0.002536832320123387,0.002421114943668662,0.002694247398870974,0.003099630130499516,0.0024757736757752427,0.0023803537342577887,0.0028124805093300547,0.0028552569843923407,0.0023971535421715507,0.0023756495526705236,0.003134109804461112,0.003289576888565387,0.0032810897482837323,0.0020780052490798184,0.0028245904430107965,0.003016312607720132,30972612,30987927,PES1|PES|-|22q12.2|protein-coding,1,0.0026162571917956756
351,0.0014229359802470764,0.001994175972676286,0.002181266546943387,0.0024820614765946533,0.001724098847546828,0.0017022524901821046,0.001819682440798189,0.0018934069043449393,0.0021417875746031476,0.0019547864841117095,0.0017003374214602518,0.0021090427072412163,0.0019964476195917895,0.0018416976336697983,0.001990306109578905,0.002336459865217335,0.0023825705760916627,0.0025355136109805614,0.0013821584933749438,0.002268599263400633,0.002345348088530388,41855721,41864708,PHF5A|INI|Rds3|SAP14b|SF3B7|SF3b14b|bK223H9.2|-|22q13.2|protein-coding,1,0.002009758862246943
360,0.0019339539589171694,0.002762084024444369,0.0018848652857863307,0.0031755003134572224,0.002475344548220694,0.0024186588906343876,0.0025935445297926843,0.0024395214165508685,0.0026066841007307802,0.0028126031601518543,0.0023896088856097705,0.0026336296215191185,0.002742619533422911,0.0035058645653487214,0.002870959740347101,0.002319335733270584,0.0022494266378861373,0.0028954316153572707,0.0018240175159329106,0.002307950975744575,0.0024370733756632957,28247657,28315202,PITPNB|PI-TP-beta|PtdInsTP|VIB1B|-|22q12.1|protein-coding,1,0.002537079925180417
364,0.006392023455713444,0.0050751244372514645,0.0049281096661268975,0.0050302575546438775,0.006858850814858962,0.006906473683513836,0.007385477523442494,0.004666040179453049,0.003725464683221918,0.0063482632150997,0.007427733583111674,0.004857141132622752,0.004631344790814846,0.005234954914904473,0.005645353701399166,0.004922991105588087,0.003657242402755903,0.0037188938312894336,0.0073946684370366075,0.004437579397470299,0.00402330537035673,50713408,50746001,PLXNB2|MM1|Nbla00445|PLEXB2|dJ402G11.3|-|22q13.33|protein-coding,1,0.005393680660984552
365,0.0045240224970394755,0.004738248565948482,0.0038302444996668006,0.004461941745680625,0.004873238651738881,0.0034875573093095043,0.0035022022938697196,0.00324643484840374,0.00394996736445584,0.003929863901017191,0.0032306411007744784,0.003948379546362566,0.0037871782946403212,0.0031944522389225796,0.003536935162451231,0.004395292280884184,0.0037989161808906487,0.0037010310696665447,0.003932513866640513,0.0044245340352960065,0.004091404447167525,41972890,41985871,PMM1|Sec53|-|22q13.2|protein-coding,1,0.003932619042896516
368,0.002463344559083583,0.0028952443983517426,0.002389608875829886,0.002618228593145519,0.0025733382511217325,0.0021066255262293773,0.002629521601983283,0.002356187221010384,0.0024683563204170524,0.0026611908202700536,0.0024714813783388405,0.0023194492875137623,0.0022112779578953015,0.0024264974598559924,0.0020732081595587247,0.0028855146475789675,0.0025215971625242367,0.002920395102097332,0.0021745080140254877,0.0027203353585269823,0.0028579772906454698,42979727,43010968,POLDIP3|PDIP46|SKAR|-|22q13.2|protein-coding,1,0.0025116137136192243
369,0.0013006873833677132,0.0016045079755238312,0.0017722391876286983,0.001625819779962775,0.001133775336094788,0.0012543250194180188,0.0013448797643880476,0.0012765539184615947,0.0016823303058355766,0.00132254900575129,0.0012727019666840657,0.0016587916859433474,0.0014722738818531442,0.0010975847877218203,0.0013247248335127137,0.001772249241937314,0.0014624263492441975,0.0013819786259298065,0.0012553741876374196,0.0014994619596699933,0.0013987113589855739,38349670,38437922,POLR2F|HRBP14.4|POLRF|RPABC14.4|RPABC2|RPB14.4|RPB6|RPC15|-|22q13.1|protein-coding,1,0.0014244736455024634
388,0.0029730670323917558,0.004575524601565404,0.0023899279299323156,0.0019460983508577036,0.0036803128997965977,0.002909607040787874,0.003127756713570196,0.002058500830193025,0.0017936751035591944,0.0025267109139609873,0.0011633013314721779,0.0021683419950885366,0.0017800813160477854,0.0025549993660491117,0.0013503443259787436,0.0024208995503340732,0.001853916588754259,0.0012537217785008683,0.0028871196366047455,0.0019255385820898822,0.0028145963918607504,37621301,37640339,RAC2|EN-7|Gx|HSPC022|p21-Rac2|-|22q13.1|protein-coding,1,0.002388287727590285
389,0.002651075063347268,0.0050299095341709765,0.002760987851057887,0.005218266922629663,0.002778652768404752,0.0031978349175903124,0.0025501116827731122,0.0032492463934624604,0.004549352195113628,0.0020727537692506724,0.0028249569665126082,0.004279502534038586,0.004198919376774936,0.004378234784842448,0.002618969040091484,0.005115194724507654,0.005174279336374532,0.005999557979861456,0.0022342328522654783,0.005494145920677514,0.005725881560417877,20104947,20114880,RANBP1|HTF9A|-|22q11.21|protein-coding,1,0.003909622198769777
390,0.004244428885294188,0.00628673477968852,0.0032524375201668774,0.00462812279727276,0.004904407733143548,0.003645121881961504,0.001957791793582495,0.0038094186309619938,0.004574522091917051,0.0023607450774546885,0.003399725596627993,0.005458605337931287,0.005416837414802568,0.004168181240751317,0.0021373225817301225,0.006014998968123428,0.005302913244272654,0.005771003390152448,0.0024103687348644687,0.0061621547143297485,0.005633957733702431,41640781,41682255,RANGAP1|Fug1|RANGAP|SD|-|22q13.2|protein-coding,1,0.004359038102320576
393,0.004085788365066344,0.003269882166732936,0.003467479985204397,0.003582962219472028,0.0034248208840401547,0.003473359417600347,0.005524137420107821,0.0034873280290349386,0.0035917229434274576,0.003985698950566949,0.004085556042967159,0.0034751500510238607,0.0032779546185758,0.0045805855505414135,0.0040477484276200725,0.0031465100379397936,0.002561893302879517,0.0035062049242641094,0.0037628743699553466,0.003416483321827899,0.0031651180248329336,36134783,36236630,RBFOX2|FOX2|Fox-2|HNRBP2|HRNBP2|RBM9|RTA|dJ106I20.3|fxh|-|22q12.3|protein-coding,1,0.003662821859699109
394,0.005051410952555649,0.00575098786489141,0.00548209393931208,0.004831074167551818,0.005256830869480415,0.004667797089282748,0.003830374731976729,0.005226887187766675,0.005546442725686521,0.0043382014313084055,0.005083925831115558,0.005000941905652504,0.005241430184338356,0.00620110340466473,0.004682192166689089,0.005850745081806604,0.004974759517340479,0.005575289654110365,0.004858353639778335,0.005785995469485874,0.005442565576135065,41347351,41369019,RBX1|BA554C12.1|RNF75|ROC1|-|22q13.2|protein-coding,1,0.0051752096852823535
405,0.0019642216751002105,0.0011976980645661362,0.0014391467046922434,0.0021413838243080395,0.00124723551499587,0.0020521824828333615,0.0016670165752525553,0.0020008079255880743,0.0015055011155810194,0.002032451778598215,0.0020802732500377623,0.001406663821006794,0.0011207426371458245,0.0019682432786839545,0.001713878354971075,0.001567054902230556,0.0014407585949412363,0.0016715550721145204,0.0019943904755438313,0.001919932310742252,0.0014580746941646634,31556138,31603005,RNF185|-|-|22q12.2|protein-coding,1,0.0016947244310999137
410,0.0029135915589581546,0.0034970746330357217,0.003206387378049545,0.0034115839496909285,0.0035267107221167767,0.002965651350166126,0.003095093319081363,0.0032906323367268312,0.00385035429829314,0.003281813488824384,0.0035955076444583772,0.003995183627127773,0.004436891591368531,0.0036094241415100654,0.0038141512091349385,0.004064225729913664,0.0038254861420494836,0.003436307161391937,0.0029670670955119615,0.0038100004452673204,0.003799154181670468,39925098,39928860,RPS19BP1|AROS|S19BP|-|22q13.1|protein-coding,1,0.0035424900954451185
414,0.0028802617391923933,0.0041821301014118096,0.0034570575511916985,0.0036403914804600842,0.0032444180189404115,0.003289000327512269,0.003220184652323018,0.0035381607636966106,0.003853980469866515,0.0031323602734881885,0.0031940951185128064,0.003616621209173897,0.004056688995505356,0.004002021306863164,0.0034803095150006728,0.0032549628736025502,0.003666556595782063,0.004222157723969075,0.002910066548139058,0.003855174054779956,0.0036675224384472693,32783562,32808274,RTCB|C22orf28|DJ149A16.6|FAAP|HSPC117|-|22q12.3|protein-coding,1,0.0035411486551361364
416,0.00196245507687941,0.002473528475389491,0.0021698869506233992,0.0020153512832256537,0.0022448822493498174,0.0021761204698584097,0.0020916407036073877,0.0020155404216957713,0.0022427871181321377,0.0019149043058618823,0.0020972410275163955,0.002111160538950049,0.0019327562609527122,0.0024156157570480122,0.0019251406313063367,0.002088159951989445,0.002120792729988015,0.002355221762302339,0.0017549672204940437,0.0023351198291984747,0.0020615357552912286,44351261,44392412,SAMM50|CGI-51|OMP85|SAM50|TOB55|TRG-3|YNL026W|-|22q13.31|protein-coding,1,0.0021192765961743055
417,0.001334841615636514,0.0014319708865710866,0.001114987736623816,0.0013362047963827364,0.0015231527242485535,0.001327983254600864,0.0013758863200259979,0.0013923895748808918,0.0011483232156036297,0.0015065667755706682,0.0014250559966320741,0.0015162616119388953,0.0015163048854139212,0.001347619419658004,0.001530731829342123,0.0015487497956667875,0.0011684900261660193,0.0011504284178119914,0.0013451710058333354,0.0012407109743947573,0.0012195293857443416,50883431,50913500,SBF1|CMT4B3|DENND7A|MTMR5|-|22q13.33|protein-coding,1,0.0013572076308927148
418,0.0017443390832179646,0.0019268504851223712,0.0024772424026305367,0.0015481213680377578,0.003862368670728407,0.0013388718632800674,0.0011802609899896164,0.0023063666425698513,0.00110704885093022,0.002469336552268253,0.0023670642861626356,0.0020863819079567046,0.002342551787116037,0.0014822346420353821,0.001814911122696085,0.0011427897710670864,0.0006447382456844893,0.0006385105163957961,0.0017961459247542479,0.0007559841286458148,0.0012109921836951749,20778874,20792146,SCARF2|NSR1|SREC-II|SREC2|SRECRP-1|VDEGS|-|22q11.21|protein-coding,1,0.0017258624488087865
419,0.001254755829626912,0.0015886082293856373,0.0012765354638206471,0.0012626641590088906,0.0015739205462334289,0.0013585140593288263,0.0011899653318305015,0.0012612591133421534,0.0013070215479913144,0.001428621606149076,0.001329656744234723,0.001242637755157688,0.0015369892173192163,0.0010239804608633445,0.0015907734091214854,0.0014972789852751164,0.0014105610007090553,0.0011244663916023274,0.001222682697232372,0.0012091217916090722,0.0013191962561787999,50961997,50964034,SCO2|CEMCOX1|MYP6|SCO1L|-|22q13.33|protein-coding,1,0.0013337719331438377
426,0.011380543511608611,0.00979498892172766,0.013217135247246721,0.016105009793508027,0.01337873786944216,0.009792595489895585,0.008964799985230464,0.011294876195300268,0.010008980107249358,0.015190352039287723,0.014830905418404629,0.010356197056192748,0.009981111723449254,0.010461717986122039,0.0144438757063097,0.010515496404473572,0.009694898410586884,0.007996082174916598,0.011464654212047065,0.008811333551906041,0.008398422880972145,31500758,31503573,SELENOM|SELM|SEPM|-|22q12.2|protein-coding,1,0.011242034032660822
435,0.0012418007760077118,0.001427747516503129,0.0010345861028115684,0.001207053924386972,0.0012468813208889988,0.0010464806949238162,0.0014239346467016007,0.001343918538068545,0.0014787314372011076,0.0012907832006189713,0.001267006488929,0.0014334543921235298,0.0015780506880817085,0.0014852913001275117,0.001335104012511772,0.0015451084572643175,0.0015711572973074726,0.001638825167277551,0.0011181118401034057,0.001516388586623415,0.0014695899899519116,30727977,30752936,SF3A1|PRP21|PRPF21|SAP114|SF3A120|-|22q12.2|protein-coding,1,0.0013666669704006675
438,0.0012180105866342712,0.001571093665280283,0.0011222196296122192,0.0012689008208356478,0.001489150089988916,0.0012622245982637152,0.001502397800854124,0.0014349001361687503,0.0014008754004786548,0.001350256624324854,0.00160553144799572,0.0013286217225363028,0.001539037170973206,0.0013662039008581507,0.0014099917597201667,0.0012015432582636975,0.0012413368200443003,0.0012436254349748876,0.0013990281406672921,0.001230037496252154,0.00113802888711218,40766566,40806293,SGSM3|CIP85|MAP|RABGAP5|RUSC3|RUTBC3|RabGAP-5|rabGAPLP|-|22q13.1|protein-coding,1,0.0013487150186590234
445,0.004608348118778998,0.004012574214859977,0.003396756325832513,0.004301087842732179,0.004470519952226299,0.0037848590266779452,0.0037161711968980186,0.004403666794573223,0.004102586526852867,0.0034237100809132426,0.004831544973094208,0.005079725245221087,0.003776631333322274,0.003756632795227017,0.0036696309952240014,0.0038340340941467057,0.0037192062974141446,0.0025691311064571774,0.005152367492587833,0.0032832265644111526,0.0030719036908309853,19163088,19166018,SLC25A1|CTP|D2L2AD|SEA|SLC20A3|-|22q11.21|protein-coding,1,0.003950681650870565
451,0.002412466530324542,0.002821956505996005,0.0026412362112793277,0.0025636578021613937,0.0023479527344493437,0.0028327462736405574,0.0028959176200788034,0.002937389815549149,0.002740319188420141,0.00238663350895019,0.0027292017467555655,0.0026932465841227643,0.003142687279729785,0.002726661284503098,0.002890798424256693,0.002818789581717489,0.0026655259558126844,0.0033712911470378214,0.0023673039830808965,0.002898981351277427,0.0030691241366754426,24129118,24176705,SMARCB1|BAF47|CSS3|INI1|MRD15|PPP1R144|RDT|RTPS1|SNF5|SNF5L1|SWNTS1|Sfh1p|Snr1|hSNFS|-|22q11.23|22q11|protein-coding,1,0.0027597089364675776
454,0.004403893818025073,0.005163690991911873,0.0027540750121719136,0.0042650971067736,0.00395304236208744,0.004669505106330466,0.0031574614672538817,0.0041553511349870014,0.006078850034341978,0.00252727066383116,0.003923472238520913,0.005043616214585486,0.005633818104442769,0.003603922156944232,0.003730723631104534,0.006952495984932338,0.005891374155251715,0.005831581451308331,0.0030858880894841533,0.006513624802661944,0.005261596746650984,31477282,31500610,SMTN|-|-|22q12.2|protein-coding,1,0.00460001672731437
463,0.0017892106780262858,0.0025228425317712325,0.0019523984041339198,0.0023469338036815795,0.0017775821576843827,0.0019822605349423994,0.0021492750264916695,0.0019381667016797747,0.002296859735417458,0.001979975228269495,0.0018933903861996677,0.0021669654044777953,0.0021074467076380274,0.002426375193532307,0.0019095061718014262,0.0021007570145709633,0.0021392250277660996,0.002527192448733874,0.001736735427768152,0.0023043931496970404,0.002501598739988393,24951618,24970932,SNRPD3|SMD3|Sm-D3|-|22q11.23|protein-coding,1,0.002121385260679616
464,0.005858864112675989,0.005811108779976455,0.005249928904110841,0.0056281975072842265,0.005215744353083354,0.005666987062197868,0.004972883465292658,0.005166945047114748,0.005956200113477841,0.005648995689786062,0.004889330341150812,0.005496196850763071,0.005907424712615784,0.005038839731713452,0.005304154614556707,0.00556357142076856,0.005367230198221715,0.0054408196722039006,0.004957685476009056,0.005716671768014217,0.005943282403297821,42069937,42084913,SNU13|15.5K|FA-1|FA1|NHP2L1|NHPX|OTK27|SNRNP15-5|SPAG12|SSFA1|-|22q13.2|protein-coding,1,0.005466717248776911
467,0.0016258592292096414,0.001979766827738548,0.0011711412586514177,0.001582812799449095,0.0014857262136224942,0.0010026060070105558,0.0012820382336867053,0.0012853259390448036,0.0012853711706561665,0.0015762556344072086,0.0014820107741827318,0.001318985588261113,0.0013515470139504556,0.001466095487308939,0.0014536105879187407,0.0012319533546518936,0.0015390968644700598,0.0014230296930134634,0.0011999453465339894,0.0013993037657863707,0.001351061859176271,24666785,24813708,SPECC1L|CYTSA|GBBB2|OBLFC1|-|22q11.23|protein-coding,1,0.001404454459463365
468,0.0020596179790234124,0.0014342067883717701,0.0021632931658398555,0.0013897361437290692,0.0020530271081279044,0.0020280567420343423,0.003027281271827372,0.0021682635492854853,0.0020786495283843915,0.002252153602641124,0.0027567298892383833,0.0021820020096105087,0.0018564699873415984,0.002297384222044447,0.002609115389143011,0.0012401217624195967,0.001221041683660984,0.0012136692508868138,0.003031087930888513,0.00122335309579921,0.001279587609462317,42229083,42303312,SREBF2|SREBP-2|SREBP2|bHLHd2|-|22q13.2|protein-coding,1,0.0019792785099885767
471,0.0025755824327117456,0.0021167779214137654,0.001890608259630063,0.00240449299512436,0.0019707360106314903,0.0022268272259625423,0.0030883476180456255,0.0020829050413027216,0.0019407483564910606,0.002928471383277668,0.002193945493565949,0.002046672563416088,0.0018254434894836558,0.0028219067506538497,0.0021763430394860757,0.0015901823218138118,0.0012628084860730265,0.0019899782140877496,0.0021087059115435327,0.0015170354640866033,0.0013136371478677147,41220539,41253012,ST13|AAG2|FAM10A1|FAM10A4|HIP|HOP|HSPABP|HSPABP1|P48|PRO0786|SNC6|-|22q13.2|protein-coding,1,0.0020986741012699573
473,0.00391666602872842,0.006663732666637103,0.0036960290739114347,0.0034434169110983347,0.0037811401555526065,0.0032886800743158217,0.0034058689492541027,0.0044506758279550356,0.0032211068782075627,0.0028953062034699174,0.0033116830029976015,0.0036667079290877945,0.004471297212755556,0.003972921921826092,0.0038322819268801294,0.004752438687980503,0.003788915678904667,0.004124411804777989,0.003373195995543898,0.004873035743106415,0.00413875613760302,39130719,39151467,SUN2|UNC84B|-|22q13.1|protein-coding,1,0.003955631848123524
490,0.001145815606010909,0.0011878849399964697,0.001354491016180935,0.0013612813741444893,0.001277696208186795,0.0011260102387081925,0.0013234592049587764,0.0012182987048448995,0.0014029017904755405,0.001890555186509356,0.0015082337030133469,0.00131813845557758,0.0016044692902181749,0.0013116731204945624,0.0017429137797659088,0.0015160761645959752,0.001555176102957325,0.0014481041285834806,0.0010443464258561188,0.001602746727959025,0.0013339874550779376,29904156,29949736,THOC5|C22orf19|Fmip|PK1.3|fSAP79|-|22q12.2|protein-coding,1,0.0013940123630531332
492,0.003598913895413852,0.003882767693653628,0.003005915050356308,0.0032457926894629654,0.0034563441595516936,0.003622490656079238,0.003211663766804192,0.003879032486615921,0.003366793653773139,0.003941758585758367,0.0036963650630376667,0.0033678818749714756,0.003310517081674235,0.0029501641241995993,0.004520855055159424,0.003131452611572823,0.0024924780538003477,0.0024245647810247324,0.0027789862452649726,0.003000864551729551,0.0023358181885685275,38615298,38669040,TMEM184B|C22orf5|FM08|HS5O6A|HSPC256|-|22q13.1|protein-coding,1,0.003296258108022508
500,0.0024748863341261433,0.0019422533641937465,0.002602737016252828,0.002264038173567598,0.001910523012463382,0.0017668368847989471,0.0020729420937188525,0.002586508992220792,0.0023094446838191696,0.003939099773875046,0.0031256307296654534,0.0019962681687458656,0.0019501638670116242,0.002133547348306312,0.0031634161004977803,0.0018182088374495713,0.0018218561559168462,0.0016391580137674181,0.002607565481474403,0.0017384831823179928,0.0012359089013037894,35695268,35743987,TOM1|-|-|22q12.3|protein-coding,1,0.0022428322435949313
501,0.003061868036290638,0.0035237812378772194,0.00366593163691558,0.0028826370685090807,0.002913010399611236,0.003584380525702027,0.0029897657064180965,0.0037828776456076698,0.0037365565021522397,0.0035015153128672913,0.00314544624602162,0.0036366347188223676,0.0030003545007775056,0.004365152288208134,0.002954518700390152,0.003529933130264748,0.0033525212245948035,0.0037965580122585143,0.0026310362950985396,0.0036710296035924123,0.0033129307440330413,39077954,39080766,TOMM22|1C9-2|MST065|MSTP065|TOM22|-|22q13.1|protein-coding,1,0.0033827828350482345
504,0.002117091307806774,0.0018622577664359587,0.0017337399926021986,0.001450543596539952,0.002177939563151156,0.001860030564965069,0.0013912712522127673,0.001572553382243721,0.0017538938683571738,0.0022878376568646534,0.0016150239109208296,0.00170146599487633,0.0014636724765063878,0.0024840848983117103,0.0028812075373335125,0.0014802532678797834,0.0015284100535242556,0.0012497276206224583,0.0019536308929554865,0.0014224835415506108,0.0014272017890798862,26921714,26986089,TPST2|TANGO13B|-|22q12.1|protein-coding,1,0.0017816343302257463
507,0.002201416929546296,0.0019064789353828103,0.002088209100401434,0.002003657542300484,0.0024353206141442454,0.0029293559879021154,0.0030811285344810647,0.0022467618873249703,0.0026040177981032993,0.0022906364062155182,0.002086206039365956,0.0027551931616061256,0.0026915230897558698,0.00209002053707439,0.003465069201533701,0.0024518017194793593,0.002826416384822454,0.0026450201061469646,0.00286239145796503,0.0027139743968056327,0.002582702159455477,38142241,38155963,TRIOBP|DFNB28|HRIHFB2122|TAP68|TARA|dJ37E16.4|-|22q13.1|protein-coding,1,0.0025217762852292
510,0.021714554237215276,0.020850405375207298,0.023829300099523606,0.01700880603656893,0.024711532512893843,0.021442873021315628,0.015838669340646778,0.01777683709727991,0.019845183804237932,0.01777779581416248,0.019332587304851278,0.019003727489699133,0.019509420894001404,0.018550980227456933,0.018171971697161306,0.021011703556869193,0.015199292356635943,0.014159400627792858,0.027056504307313423,0.017195727978107943,0.014585313352045024,43547520,43559248,TSPO|BPBS|BZRP|DBI|IBP|MBR|PBR|PBS|PKBS|PTBR|mDRC|pk18|-|22q13.2|protein-coding,1,0.019265361291951718
521,0.0030324247326106377,0.0031091456706171324,0.0026410235085443747,0.003672224441867491,0.0030608274068788274,0.0027946361432633457,0.0037909656364521586,0.0032345138973547635,0.0028031372783236,0.00430531612643574,0.003433779807371823,0.0028456245755732893,0.002576325696718953,0.00425352313468357,0.0036513688954661646,0.002368543008979639,0.0020694176021384602,0.0031623745002309954,0.002607565481474403,0.002798715344483273,0.0024685418994956896,31365197,31375380,TUG1|LINC00080|NCRNA00080|TI-227H|-|22q12.2|ncRNA,1,0.003079999751855444
522,0.004321688114150511,0.004022387339429643,0.004945232236290617,0.00401212251142576,0.0042023950133247825,0.004260968778729381,0.00506294449140136,0.00429322930466667,0.004133942245752048,0.0049362941675882704,0.004425504871472645,0.004090697837196135,0.0037788840823416636,0.004318935617855138,0.0047368470839499535,0.004119731536913477,0.003966375567087289,0.004459699168904504,0.0044571494193907475,0.004259688095093575,0.0036631545676314168,36863093,36877687,TXN2|COXPD29|MT-TRX|MTRX|TRX2|-|22q12.3|protein-coding,1,0.004307993907171218
525,0.0022812671691264585,0.0025583685270487598,0.0023441968419174127,0.0022425996485381204,0.002332722387853881,0.0021214639243314288,0.0023025326201983327,0.002339317950658059,0.002315310549599628,0.0022017761143255524,0.002450953927263291,0.002166435946550587,0.0019351114076548003,0.0029417277478653216,0.0022413771357459975,0.0018498983230062025,0.002052652054691373,0.00218069925278182,0.0022622092238621058,0.002264178934068848,0.0023032576970321707,21903736,21978323,UBE2L3|E2-F1|L-UBC|UBCH7|UbcM4|-|22q11.21|protein-coding,1,0.0022708598754342924
526,0.0019758812233574906,0.003130262520956921,0.0023111215666322157,0.0028051985174935117,0.0022923442596705615,0.0018163693791827737,0.0014180173650913046,0.0019064524734174041,0.002917041726569599,0.0017976367080606358,0.0015571198870776611,0.0023306737955705766,0.0023850468254363218,0.002450583925621972,0.0018338301325171533,0.0020967220179628205,0.0026341518319350937,0.002428558938903142,0.001742812692010116,0.0025286440036022453,0.0024902819837836834,19437464,19466738,UFD1L|UFD1|-|22q11.21|protein-coding,1,0.0022308929416596764
528,0.004617181109882998,0.005351506743169288,0.005662997615389637,0.004546786332615468,0.00422518150086683,0.004279970468385246,0.004388492733459836,0.004531423402041497,0.005302955969744932,0.004769908518679342,0.004124593796746672,0.0042390519483998775,0.00443904194270522,0.004952519707191718,0.0040795428746804785,0.004168249910762606,0.004112461331392321,0.004467243689341501,0.004567168858253889,0.004245348977992906,0.004019036769332146,30163358,30166402,UQCR10|HSPC051|HSPC119|HSPC151|QCR9|UCCR7.2|UCRC|-|22q12.2|protein-coding,1,0.004528126866715923
533,0.004195317454755947,0.006113949257202367,0.0064889223352122775,0.007227511474483283,0.0049250690560443695,0.0035980446620837723,0.004801045607329665,0.004950681001197944,0.004303732397070054,0.007588389052468013,0.005797284419937542,0.0048419986359045965,0.004910378476170933,0.004615798251762745,0.008756742524889009,0.004659732180544643,0.00502084026178569,0.006145899486573194,0.0037750288984392745,0.0050941600226062115,0.005556229487138506,29190548,29196560,XBP1|TREB-5|TREB5|XBP-1|XBP2|-|22q12.1|22q12|protein-coding,1,0.005398416902076192
536,0.010278892861117703,0.013155425111388277,0.009652769166271216,0.011804571603049468,0.010314368521494623,0.011767703703450665,0.010792766620283068,0.012506314730201888,0.012408759124087593,0.009748183926530589,0.0112375335781044,0.01207915904291373,0.011144247001232664,0.014888859300438559,0.009734093316964888,0.012508686314344541,0.013257822353435783,0.01616424598509469,0.00881894865843344,0.015035588502701848,0.014676443020430316,42017346,42060052,XRCC6|CTC75|CTCBF|G22P1|KU70|ML8|TLAA|-|22q13.2|protein-coding,1,0.011998827735331905
539,0.010465092313590028,0.01729643946302085,0.011749273673335817,0.015211867847734501,0.012432921539393703,0.011486734899101028,0.007667495164989196,0.014039956328832913,0.011601509340591365,0.011260768013205618,0.011826778214180577,0.013496412022464689,0.013590937231654074,0.015620378715046963,0.012901450877842054,0.012887975995509933,0.01235964001330263,0.015585204041555218,0.009056171524705966,0.013624533129667559,0.014640011007034454,32340479,32353590,YWHAH|YWHA1|-|22q12.3|protein-coding,1,0.012800073874131387
541,0.00314242491515912,0.0025725292384530885,0.003002724509332013,0.0023863027314629847,0.00291702459948911,0.0035409328420506966,0.0036392465359641724,0.003276574611433227,0.002916295161833905,0.0031904343225186388,0.003915166333461443,0.0030753034243962145,0.00251765182453215,0.003591695524575715,0.002792261914771963,0.0028543172347794267,0.002226680398074884,0.002907525037822456,0.0032735498180592824,0.002978008214696905,0.002616850967652144,41697507,41756151,ZC3H7B|RoXaN|-|22q13.2|protein-coding,1,0.0030158809600247397
544,0.001481233721533478,0.0016922050128173067,0.0010785092175793704,0.0014424879083470574,0.0014185473980192521,0.0013220051949338508,0.0015374281079870754,0.0012341558189760849,0.0015834638044085717,0.0013021181354899748,0.0012716340646049908,0.001304478441055608,0.0014869167504791701,0.0012064018158016265,0.0012091086623839634,0.0014965900834151896,0.0011576071269459802,0.001582906956979813,0.0013967229714720642,0.0015104588765441909,0.0013543377622881607,30126945,30163000,ZMAT5|SNRNP20|U11/U12-20K|ZC3H19|-|22q12.2|protein-coding,1,0.0013842532300982276
