,101_19YR_F,102_19YR_M,103_19YR_M,104_19YR_M,105_20YR_M,106_20YR_F,14_1YR_M,15_12YR_M,79_1YR_M,80_2YR_F,81_3YR_M,82_3YR_M,83_5YR_M,84_6YR_M,85_7YR_M,86_7YR_M,87_8YR_M,88_8YR_M,89_9YR_F,90_10YR_M,91_10YR_M,92_11YR_F,93_11YR_F,94_12YR_M,95_13YR_M,97_16YR_F,98_17YR_M,99_17YR_M,StartPos,EndPos,Gene_ID,labels,mean_value
3,0.004602212609696895,0.004605972945095854,0.004088343433615354,0.004749524730658233,0.004326905133327553,0.004770400920243683,0.006277596506761948,0.0055878370030975144,0.005411219918536544,0.0035689712591268235,0.004667213563297973,0.004280270893053471,0.004698051915323917,0.004184748342735547,0.0046191725134586544,0.004581662367387125,0.004494679272426486,0.005205739514657164,0.004516741724687453,0.004927363214344102,0.00487177364078304,0.004472923627591677,0.0034752347870834945,0.0036903803433057524,0.0041814875547488825,0.003532162106488508,0.005441356918337219,0.004554300756485011,23527774,23540779,ACIN1|ACINUS|ACN|fSAP152|-|14q11.2|protein-coding,1,0.004585151697012709
9,0.02672973589759549,0.0197313536676453,0.019695915659530973,0.01939910637632864,0.025303934287390802,0.03018679795229135,0.03553731046440947,0.022574031338050537,0.02756634452633912,0.0314381577546332,0.026121464989952856,0.019302887149648836,0.05002912656900158,0.018353643218250275,0.023504954144971026,0.022180801171273783,0.03323180986432831,0.02441382171686728,0.025453548609130818,0.02330874589927197,0.026132792621532643,0.02472019714889875,0.016334619837900424,0.02378257366661845,0.022328181490990646,0.024042600023486998,0.022416867137417983,0.027028675311466466,69340840,69446083,ACTN1|BDPLT15|-|14q24.1|14q22-q24|protein-coding,1,0.025387499946258003
10,0.003068790066596129,0.0035444463304462087,0.003709857147359766,0.0033482908843886342,0.0032946384148020065,0.004258078089460162,0.002636939408454657,0.003060633668681147,0.003653764594050839,0.0038570902936002262,0.0039410145994922,0.0035685239943170697,0.0031284534746829633,0.0037637839340017385,0.0036680345953578686,0.003053583520185694,0.0032333480342380027,0.0029780210646306567,0.003425664675240371,0.00307684885263521,0.003281512151325025,0.002960837472070727,0.003987134954329088,0.0035272612300890917,0.003550632186778346,0.004030009452554018,0.0031467310043871385,0.003549343680553547,58666833,58702353,ACTR10|ACTR11|Arp10|Arp11|HARP11|-|14q23.1|protein-coding,1,0.003439402420525304
20,0.0070623534781436076,0.006676687215732224,0.005800441975166459,0.005911151904023572,0.006568791449570748,0.008011337410904604,0.007240824253017838,0.005822720233879194,0.008028777665751328,0.007081704667861522,0.007297784725402646,0.007394336146350524,0.008789963483028336,0.006960206951535132,0.009786941429117763,0.007729509695811059,0.00761154763507972,0.008407133113406613,0.007568634434783299,0.008371168474944114,0.007368775445233152,0.007319016391400824,0.00576855782838029,0.0061874954239090705,0.007412949383213405,0.0068779683618589126,0.008812361269841482,0.007342513405930508,77924220,77935815,AHSA1|AHA1|C14orf3|hAha1|p38|-|14q24.3|protein-coding,1,0.00732898763761707
25,0.008005150308084895,0.00958323441462923,0.00807721120239614,0.00827768916690634,0.009317059522937593,0.008799264001523734,0.011273902754360247,0.007104411415577428,0.0106337123270498,0.008503642733463374,0.008738536991035536,0.008871672197316171,0.009756206903686554,0.00737140365186029,0.00844797090577472,0.009177298823381738,0.009297630771567728,0.009690791785087404,0.00974161773612418,0.010236366337078891,0.007671870152853599,0.009280143905234121,0.007406406792744114,0.008901780921516816,0.008112768127336334,0.007436779226713059,0.009779498320344077,0.011010828829674604,105235687,105262080,AKT1|AKT|CWS6|PKB|PKB-ALPHA|PRKBA|RAC|RAC-ALPHA|-|14q32.33|protein-coding,1,0.008946601793794955
35,0.009049993776062738,0.008012487323706628,0.009038055692275488,0.008726294344594846,0.007747402355594207,0.009180333952623168,0.011781427644852772,0.010113160430294862,0.010154158817974235,0.007893955137387602,0.010982104417702192,0.00938574648707535,0.00871011742410778,0.010106719361468225,0.012095665835613216,0.009743249411985061,0.008218997100453982,0.006806087076173666,0.010016245943935942,0.007990970696059538,0.009893377565064565,0.0097854976203723,0.008530940434838544,0.00783302669789692,0.008944255381444163,0.007291621879871066,0.010606993475471857,0.01006757859128092,20923290,20925931,APEX1|APE|APE1|APEN|APEX|APX|HAP1|REF1|-|14q11.2|protein-coding,1,0.009239516602720781
36,0.0021528339661002886,0.0024194478847108652,0.002594213628245876,0.0020212177978811865,0.0022776655758903353,0.002875829727631173,0.0020497078994352034,0.002135824768976567,0.0025212757781668386,0.0026017335384015895,0.002305350728111304,0.0024931850014809757,0.0017257094229490837,0.002438234431910675,0.0024096183405407,0.001976598059611991,0.0023208175660280176,0.002565361611355539,0.0025831905973051988,0.0026676773809459816,0.003023951604564049,0.00277123045414657,0.002729448089540718,0.0025018032038910316,0.002358252958890833,0.0021084393403362233,0.0029931694623441824,0.0026940917143684134,104029294,104057236,APOPT1|APOP|APOP1|C14orf153|-|14q32.33|protein-coding,1,0.0024398528762057644
38,0.004054895126657123,0.0033379821509692685,0.0030632653259350744,0.002862200813583986,0.0032719080616144106,0.0036726247560667957,0.0040545967418073444,0.003245595448622063,0.003873678551632072,0.0031142709142502048,0.0033707449202848307,0.0034436451080108238,0.0027553522060060156,0.00309290913208074,0.003119553106521931,0.0031825373904934033,0.0027120616135976774,0.002910548310422166,0.003386007172307265,0.0032472823397213984,0.003252385551222179,0.002926520059322749,0.00249774861700759,0.00304107526795727,0.0029353610692906453,0.003714410941604008,0.0026030852841161358,0.0033170426481885507,50359736,50363772,ARF6|-|-|14q21.3|protein-coding,1,0.003216403165331918
42,0.001957817265201967,0.002385760101925062,0.0027338519278131165,0.002883774852787521,0.002037032515910546,0.002289830644218331,0.0023645872406765542,0.0034018103256911914,0.0022706703960047683,0.002482194790056242,0.0025191405648562855,0.0025152741311190658,0.0013430584595175176,0.0022434758557137936,0.002291602315182538,0.0029666744954250797,0.002578030210678218,0.0022704651638728803,0.0019931613114785793,0.002678821108947771,0.0022321914052617904,0.003217356819870285,0.002505853595780265,0.0021119995411154617,0.0018813994362428066,0.001956864780990163,0.001972469611462573,0.0024497854606925647,21538419,21558406,ARHGEF40|SOLO|-|14q11.2|protein-coding,1,0.002376248368874748
50,0.005951640007468725,0.006117007356659931,0.005894465096875068,0.004697612198824727,0.005964332427767288,0.007440619328037102,0.005208432807447909,0.004623343354550418,0.006758177439253565,0.007097563208611908,0.006573424550330344,0.006113417640178119,0.004902441910002616,0.007123399152996739,0.006415957881034331,0.005905891132533689,0.00626788282081214,0.006148122951283415,0.007077501046896114,0.006440157066257591,0.006298086713068266,0.005040419684732951,0.005350186543162229,0.006058158375559765,0.006091478568649175,0.006736789686769441,0.006533102645813032,0.006090368823208591,67804581,67826720,ATP6V1D|ATP6M|VATD|VMA8|-|14q23.3|protein-coding,1,0.006104285014956613
57,0.004714762141864276,0.005382526942274177,0.00493747728384091,0.005187747401980038,0.005220264137928906,0.0049101129252296545,0.00559996292241643,0.005042767678889523,0.005806000742781977,0.004231165284241688,0.005525437558167017,0.005110370344339411,0.005390404785033718,0.005406426604188275,0.0059212558467919875,0.005476004038266449,0.0051520713915076425,0.005274748915441832,0.005673997232154155,0.005658522873943853,0.006107937074842262,0.004779660347713566,0.0046465971954200444,0.004727007133806897,0.005411293525921946,0.004776587955277163,0.006067852375577012,0.0055951534441359245,23775971,23795394,BCL2L2-PABPN1|-|-|14q11.2|protein-coding,1,0.005276218432284882
58,0.0019833613410510154,0.002641527002131439,0.0023009731991546697,0.002317051810459661,0.0023510481358725104,0.0025835805922015324,0.001954085422576225,0.0018991185638664331,0.002735991994488414,0.002793768473034417,0.002679482942415021,0.002647808908947604,0.0027757779420089484,0.002521259953384207,0.0022882698276115673,0.0038525581653051327,0.003367379437157462,0.0038554462596276148,0.0025113113732389437,0.003762384778768812,0.002466603300412644,0.002784215421132292,0.003026244693168661,0.0031855797740021224,0.002825780473375903,0.00225488012967903,0.0025407252670428537,0.0020695801017778658,23776069,23780968,BCL2L2|BCL-W|BCL2-L-2|BCLW|PPP1R51|-|14q11.2|protein-coding,1,0.0026777069744247503
59,0.003920172817991328,0.002229321556971246,0.003003420340406257,0.0023414574423086592,0.0018727285431779897,0.0026625779075207493,0.002245409293486136,0.0013600790778217926,0.0038343242249518064,0.0023745166310116033,0.0018970170433650127,0.002211799611432129,0.000700443583321352,0.0027061317027772098,0.00351370594681258,0.0007785038311067134,0.0018635151841623389,0.001994986341307365,0.0018213947518995635,0.001799908726312531,0.0017679464691247228,0.0013406315914441787,0.0013496719413353918,0.0013635544468297185,0.001738441547955377,0.003046635808430805,0.0026388309367599274,0.0040120249098738025,96722547,96731100,BDKRB1|B1BKR|B1R|BDKRB2|BKB1R|BKR1|BRADYB1|-|14q32.2|protein-coding,1,0.002228184007496368
65,0.0039043536441152674,0.004068992579145325,0.004214150892082601,0.0035870885308227625,0.004103670615293824,0.0041444256479041906,0.003844125431224266,0.003416113662729837,0.005314690438000043,0.005117511120635121,0.005139169338222387,0.004964657392579057,0.0026838621299957502,0.004406070321068148,0.004617333899626394,0.005054084626099969,0.00500304123635672,0.004240585769674839,0.004823219864542363,0.0056823835621359195,0.004649699213798021,0.005757375361873142,0.0038268364852695226,0.00460332341059866,0.004350460097385613,0.00391603975848179,0.00490862420105404,0.004432567812392966,105714879,105717430,BTBD6|BDPL|-|14q32.33|protein-coding,1,0.004456230608682448
68,0.0028753293500134855,0.003229400499157516,0.0027366446938044617,0.002835772615559655,0.002513808689561464,0.002959875230630547,0.002709388395582165,0.002871745482494328,0.0026105036697909633,0.0031018772647562055,0.003413404818901375,0.0028255259973995073,0.002846339575473625,0.002988799654651949,0.0027936588047539203,0.0026230835272953177,0.0029209272164805013,0.002534349289545425,0.0028589341723869515,0.0027028128998222113,0.0032637054962403153,0.002680070685920281,0.003306702688794545,0.0027949487953522496,0.0032071651229873457,0.0029195750008502806,0.003381583282972052,0.002831191341738349,23564683,23569665,C14orf119|-|-|14q11.2|protein-coding,1,0.002904897295104178
71,0.008831118648990685,0.007106531757458374,0.007230471151591737,0.006715324215335339,0.008281004412214113,0.009185655015313064,0.008632124924972645,0.009058499666886499,0.009563596406281695,0.007597307139821556,0.00936654463647392,0.009129964406379743,0.009361618821811715,0.010017499683442864,0.009979536228046952,0.007042572919000789,0.007761694718588305,0.00712137901457649,0.008647442444260451,0.008898987874181804,0.00982876484518576,0.006991742223495396,0.007877782066126335,0.007797590001280961,0.008753808477905889,0.009347953454674264,0.009304559976027029,0.009978259744728178,52456228,52471420,C14orf166|CGI-99|CGI99|CLE|CLE7|LCRP369|RLLM1|hCLE1|-|14q22.1|protein-coding,1,0.008550333388394735
76,0.007614338914130412,0.007467121157749333,0.006481477910484403,0.007559273661428625,0.006575666679855884,0.00700388287495107,0.0068340149140505456,0.006992228379980208,0.007959598204700168,0.008314539629893642,0.008420671711976056,0.008234350604689925,0.008486097501322367,0.007646805381626154,0.008986110191804196,0.006583511850272298,0.00790561891553277,0.007565749265378166,0.008523760606987826,0.007528964843373591,0.008231380693693861,0.0075159108907965596,0.00944937604528496,0.008737972378404905,0.008384940312934203,0.007409698589945896,0.010725032079217711,0.008475806297674986,104378625,104387903,C14orf2|MP68|PLPM|-|14q32.33|protein-coding,1,0.007914782160290743
82,0.009810999771788967,0.012938421913888245,0.009770558315148215,0.009836548337106767,0.009985640590461616,0.009572455341616999,0.009257172513389056,0.00850249249670778,0.0099088749328161,0.009937441388365935,0.009838745583229462,0.0090618144211895,0.012475217215765274,0.011039654632889613,0.00978878004295002,0.00874643109131748,0.009369273747652057,0.008318287002274936,0.00951792463364213,0.01011509635588295,0.008830956208474721,0.008639110535061464,0.008940949440370514,0.009807967575836253,0.010522682263024597,0.01056735217469706,0.008123283081181718,0.009521701178276458,90863327,90874619,CALM1|CALML2|CAMI|CPVT4|DD132|LQT14|PHKD|caM|-|14q32.11|protein-coding,1,0.009740922599464494
92,0.0030991317607518515,0.003321065968196998,0.00340158897745799,0.0035471765582962226,0.0031773385674882426,0.0034603279984904553,0.0031738768051448206,0.0031649638917865615,0.003321727932154131,0.0033028409576266455,0.0033316400132196652,0.0031912517006119695,0.0028462069408242553,0.002432516748939757,0.0026871341158473806,0.0027338955983582163,0.0036665566758169693,0.0030361342442387983,0.003106049987538869,0.0029757686845248623,0.002674050832149509,0.003279101662884022,0.0030585359578026504,0.003084095693421005,0.002479122933108102,0.0025718904273799355,0.0027290302471694957,0.0030846215636104457,103398716,103523742,CDC42BPB|MRCKB|-|14q32.32|protein-coding,1,0.0030692015516014222
96,0.003174856330781519,0.001999290387820117,0.002942112477453402,0.003057985219356066,0.006315530415597849,0.002934224979715154,0.005373066446034672,0.002795040331904729,0.004704822130200201,0.0024148959406533423,0.0040628649995635945,0.005300638074631137,0.002059816104711342,0.005576527672573072,0.007438112258406143,0.002329872825987294,0.0007472250712759853,0.000918914652553732,0.004112606983859768,0.0019480547573951417,0.004993494847326375,0.0023357040614724236,0.0018637591663450406,0.0039934537252586015,0.008472801126679953,0.00660729033843737,0.0042129759391669125,0.003512847807768555,54863673,54886934,CDKN3|CDI1|CIP2|KAP|KAP1|-|14q22.2|protein-coding,1,0.0037928137526046244
100,0.008853161760129458,0.007177377309239678,0.00645647600541903,0.004992232671698003,0.0063347529982318036,0.00981708778784732,0.006010592067383416,0.007894460443770847,0.005459484658804794,0.005604728137302447,0.006803763485676572,0.004748535340097293,0.005550362172173569,0.004925426524259831,0.004342805871797135,0.003752042791110911,0.004303205839684401,0.0028511778745244254,0.007550292839676737,0.00322892796418904,0.004711640935414116,0.003777830394866221,0.006682233371928471,0.00601817144163514,0.006371872366706494,0.006868342543102812,0.003981909804475735,0.009629147909008587,35179588,35183761,CFL2|NEM7|-|14q13.1|protein-coding,1,0.005882072975362653
108,0.0026360967614779776,0.002506342122712014,0.0027987504898977014,0.0026275831372455424,0.0027697356291551296,0.002055021698338587,0.0026999662074495894,0.0027200179268490883,0.002945386713806055,0.0025376330501584326,0.002857232519983956,0.0026883474820902347,0.0024903481765653672,0.0021886813939091666,0.00253590812814403,0.0024834652209450507,0.0022624181690416817,0.001994986341307365,0.0029764195248262785,0.0029981872432108146,0.002428064611193594,0.0024741662094324123,0.002708349414640422,0.002248093002438237,0.0028079874314860514,0.002730395576230388,0.0030928341324880882,0.002887976038538682,102814619,102829253,CINP|-|-|14q32.31|protein-coding,1,0.002612514084055784
110,0.004651615111719674,0.008246422227343665,0.00884056724003039,0.007509923046750538,0.003015279567910017,0.002975019793671019,0.004249534174658337,0.004539346306647,0.010378651738093738,0.00616484113540222,0.0027983912805128602,0.0115177240164062,0.004854030262982678,0.0018071451739956443,0.002202314630953432,0.0070344826571754,0.007417521223234407,0.008811829943514269,0.00615323336916141,0.006711539618771753,0.00304124949807491,0.008531123309618985,0.007278270937861829,0.00784915935744582,0.003224099190441136,0.001873312674187212,0.003999838309384302,0.003983572535367083,103985995,103989196,CKB|B-CK|BCK|CKBB|HEL-211|HEL-S-29|-|14q32.33|protein-coding,1,0.005702144226118426
115,0.0050400925292006385,0.004807665893534462,0.004708071505980443,0.004239568378984674,0.006590399316181177,0.006463590355669381,0.005551706039953643,0.004750811328747758,0.004511144390405811,0.005264502468934918,0.005096141681859148,0.005812327742440749,0.003271964165300972,0.005951393262353858,0.005743369958520873,0.0046903905831313635,0.004257092654632349,0.004964346307054116,0.0043936795358981585,0.0043557555191934974,0.0055639437620043876,0.0038681951651137925,0.0045317123375787985,0.004893573396499819,0.007041136163032366,0.007441912996716312,0.00419927900684546,0.004893328206303486,54893647,54908148,CNIH1|CNIH|CNIH-1|CNIL|TGAM77|-|14q22.2|protein-coding,1,0.005103467666145444
122,0.029082643513620048,0.017725846221199475,0.03262416138889306,0.03334685755915905,0.010921794395817391,0.006565099859292001,0.006609410321268603,0.019985548020439187,0.010207126276525032,0.010329507160530944,0.007943199570851227,0.017865462139733827,0.02903704061326018,0.010047041045459271,0.008118514289706705,0.02724309863892377,0.009796738186248762,0.022405843727234056,0.014435702856740618,0.01918176456082109,0.01468387654442525,0.03795943098814671,0.013966036279428794,0.010764896270446248,0.01062440937838106,0.007072281556482058,0.022333683328929158,0.020966758862764594,105953257,105955124,CRIP1|CRHP|CRIP|CRP-1|CRP1|-|14q32.33|protein-coding,1,0.01720870619838315
123,0.01020972075268148,0.011961042464823737,0.015375240693207077,0.016965824429659934,0.01003741528383336,0.007532851081328623,0.003453613931188996,0.008860216151468413,0.0024528388515813447,0.0035683049338852105,0.007255492584532795,0.012926533562926409,0.013435889981149963,0.00695842017560672,0.004142511877445357,0.011566009917190041,0.009616912720665153,0.00969009330937096,0.00475158849986944,0.013674927490383945,0.011068235229474999,0.015071439180865882,0.007917663707706161,0.008717841025463541,0.004709388701025725,0.006865904002351267,0.014786228191115192,0.013897124137229766,105941112,105946507,CRIP2|CRIP|CRP2|ESP1|-|14q32.33|protein-coding,1,0.009552474031001124
127,0.01991958154395137,0.0221447290764892,0.0193066572758802,0.01926251574062126,0.02085313469810864,0.019020479678793365,0.015720284264869423,0.017394540584526903,0.01656111745496807,0.022767134120476668,0.01998984007931799,0.019236619760734566,0.01922976936956629,0.02407799681930061,0.021623247801017858,0.01827246923126332,0.022685453188894287,0.020559632713529268,0.01997920211830552,0.023088100084836544,0.02008552536437186,0.017912496957476483,0.023238517946738712,0.022146280753226978,0.02301683356744477,0.024900709679530824,0.02345872485123517,0.022832610358897294,23033807,23058143,DAD1|OST2|-|14q11.2|protein-coding,1,0.020688721610156193
132,0.005968237173502624,0.005951315515146924,0.00594380396272216,0.006051383158846549,0.005989027132464922,0.0061817104706097924,0.006259006784230109,0.005201226216670596,0.006170708921167963,0.005649505193538831,0.005926783845726116,0.005727736416440338,0.006488221777866673,0.005377361715752776,0.006593039375753833,0.005973064821629339,0.006775766101160521,0.00579790722705839,0.0069390715757202395,0.005922563676245072,0.00565552084529718,0.005861785096411392,0.006097517046185514,0.005370245226077161,0.00606804083760806,0.005246841287575185,0.006353594882380656,0.005367654500295269,94517268,94547558,DDX24|-|-|14q32.12|protein-coding,1,0.005961022885145864
148,0.002264475840750192,0.002260551432858514,0.0024620227046555547,0.0022635212256858894,0.004395517125356776,0.002114099137946913,0.0032278633966071465,0.0014777310364043768,0.0035494385016248513,0.002508314739527466,0.00462381814918804,0.004612988408227198,0.0013786045455485955,0.005339958539651357,0.006548223163592506,0.0018629666548826691,0.00040305157592208815,0.000720407853940346,0.0019469355346221776,0.0014025364960369626,0.004952157969451157,0.0017431655680015434,0.0016958703203396373,0.0033011282244463837,0.005670335673711443,0.005217835487056803,0.0024146689468161485,0.0024030851497933484,55614834,55658396,DLGAP5|DLG7|HURP|-|14q22.3|protein-coding,1,0.002955759764380217
150,0.005009621169685276,0.006561310174259816,0.006498500484145933,0.00567532068797993,0.005917889545637077,0.005130459495593273,0.00578611480146813,0.006842043341074431,0.006335922839778512,0.006356742804986725,0.005837786471026084,0.006764544938828172,0.005006162205809716,0.005774145090255412,0.005988250338304945,0.005673725134089961,0.004797526418546883,0.006011221710860389,0.004886547939538667,0.005531091066676333,0.005296080793372974,0.0057718178251531796,0.005284960761610703,0.005443462680952941,0.005344170809275402,0.005243247648572908,0.006524305429118765,0.004598720075335165,75348594,75370450,DLST|DLTS|-|14q24.3|protein-coding,1,0.005710417595783489
156,0.005175981826103193,0.007453096630151809,0.004981230617705313,0.0066965817687772685,0.006386668002425694,0.0065634626092335715,0.007543480215060171,0.005814586963798395,0.007728051207156844,0.005772908628285534,0.005740453254067647,0.005699999497974327,0.005702494115000608,0.004962472345175568,0.005482401707704528,0.005270560419791428,0.006952240781671141,0.005257706107960598,0.006480407768359534,0.0053972352279724875,0.005391727969256555,0.0040200397790488614,0.00505853595780265,0.006148887349774949,0.004992850264926123,0.004890942682099634,0.003809306185790758,0.003143807304672949,102430865,102517135,DYNC1H1|CMT2O|DHC1|DHC1a|DNCH1|DNCL|DNECL|DYHC|Dnchc1|HL-3|SMALED1|p22|-|14q32.31|protein-coding,1,0.005661361328133862
161,0.0020255025829339643,0.0022546235397502825,0.0023141390959710096,0.0020852657267666813,0.0025602515716916744,0.0020884488870315195,0.0026198776083226952,0.002000363753492924,0.00341986623736624,0.0024243577590842454,0.0023790248633657387,0.0029786438278453565,0.002458117956768532,0.003030491092981556,0.0032381436987026745,0.0026487026897423814,0.0022571526496412745,0.0019571289574761,0.0025887674336551665,0.002485182447081385,0.0027325584131421255,0.002463433736719724,0.0020419400488871737,0.0018342971793078922,0.0030822456978572142,0.002506819892588697,0.0034550790173798487,0.002405966402907953,75469612,75476294,EIF2B2|EIF-2Bbeta|EIF2B|-|14q24.3|protein-coding,1,0.0025120140274450726
162,0.003243449306030995,0.00243448449161955,0.002457235105813249,0.0021846411448479645,0.0031322987935794894,0.003167805988051076,0.0031122506016831087,0.002509955192693295,0.0033416526069828187,0.0030586993890996924,0.0030900231736414787,0.002921538407474158,0.0022029288913812417,0.0029490141106459805,0.003197464367663931,0.002772753371065007,0.0022849162973888767,0.0024259458583533156,0.0025523321028353752,0.0024512268523465214,0.003037179405484119,0.0023509415227311783,0.002530168532098289,0.0028201819295184784,0.0030981980802412194,0.0031341665869862785,0.0023975199421209957,0.0029931417772217496,67827034,67853233,EIF2S1|EIF-2|EIF-2A|EIF-2alpha|EIF2|EIF2A|-|14q23.3|protein-coding,1,0.002780432636771408
163,0.004472806580776333,0.0044080391483844175,0.005089882513654299,0.0040849094854443335,0.005025653027612889,0.004425350470429695,0.004289132830188488,0.004329704258874695,0.004635023890427655,0.004938669425786227,0.004854770014112091,0.0050023093180985275,0.0035886957079958003,0.0045599712877020145,0.004391414224987499,0.0034160517659080286,0.0031406429805520436,0.003698149528284425,0.0040826159972666065,0.003450360394718712,0.004558885272866003,0.003260551710047277,0.004711051074231314,0.005012844768378442,0.004854923512621341,0.005113876644490919,0.0032212289533550416,0.004194384221585653,103800339,103811361,EIF5|EIF-5|EIF-5A|-|14q32.32|protein-coding,1,0.004314710678885028
169,0.012130972386465011,0.009832061342416215,0.009751806886349187,0.009753757961663202,0.012054102730532786,0.009965531793144916,0.014649210662555538,0.012591283686637445,0.011214374279200138,0.008923827430824444,0.010804600011964385,0.011390460508150388,0.009871731683287557,0.01143691448097316,0.014617784360015299,0.011149606592631782,0.0073600791934117825,0.009917796392931704,0.012985105757265598,0.00938918080357816,0.012558525069671717,0.008901989866690763,0.008964749774861702,0.009896766146344733,0.013217898622119105,0.012191420315226312,0.011129035904113902,0.01384057954485565,69846840,69865021,ERH|DROER|-|14q24.1|protein-coding,1,0.011088969792424377
178,0.0020720524470446674,0.0021911517086645846,0.002075823064709585,0.0020295777380725565,0.0025255947986216986,0.002859730102056618,0.0013679998553566795,0.0014090189271010797,0.0022237669689235714,0.002344531995139024,0.0019288893814118563,0.001981369827252966,0.0017708052037347798,0.0026290621010650497,0.0019917933471597093,0.002332201840755209,0.0025729242524717626,0.002297426326527619,0.001871710208745942,0.0026090744819248076,0.002145065985740176,0.002148614537147539,0.0022309275697928728,0.0021353022715749847,0.002346227316785968,0.002778909702761134,0.0017555458377862285,0.001984222978257704,35515610,35552589,FAM177A1|C14orf24|-|14q13.2|protein-coding,1,0.0021646185991637994
183,0.011613607601502044,0.016517278940913944,0.01650258723171327,0.0157553859925966,0.008350879201642647,0.014533459456162834,0.005919171377124098,0.012157135338876204,0.007596498850989793,0.012149108130327355,0.009314200450527756,0.010332943426726844,0.002381853033380958,0.009500525848155732,0.014130436781101994,0.010839357309600593,0.014966201747897144,0.016611987659331043,0.010680880907155466,0.015468281082577777,0.008679726830648153,0.01059030057416079,0.014014151550238003,0.01104659732564628,0.014348922533145063,0.008553117513920537,0.005376992472143725,0.007685142422142239,92335755,92414046,FBLN5|ADCL2|ARCL1A|ARMD3|DANCE|EVEC|FIBL-5|HNARMD|UP50|-|14q32.12|protein-coding,1,0.011272026128226744
187,0.008152579821995395,0.0056750178631998415,0.005383920875885889,0.007743057507893739,0.008444887452480232,0.008332511297366497,0.007541442985193669,0.005312848337089829,0.008653496662864479,0.009517789751198153,0.009265656427964102,0.008281792030844457,0.017064508718606042,0.010266218892677781,0.008076800738387317,0.007288713006052006,0.009043768911990513,0.010018237200956353,0.0066443667570485945,0.009899170238012987,0.007927014082138792,0.009087224395731973,0.006902740254727905,0.007999592960589842,0.008424821268894217,0.007430233669958911,0.005263853584025057,0.00841361925128477,53326206,53417815,FERMT2|KIND2|MIG2|PLEKHC1|UNC112|UNC112B|mig-2|-|14q22.1|protein-coding,1,0.008287710176609262
189,0.004466841974232899,0.0036826674477991182,0.004162817193384549,0.003124055714416892,0.004738296463858599,0.006283356411737281,0.005510706788890273,0.004714912757356648,0.004812737139210238,0.003844963174202872,0.00489424267892395,0.00430097945208918,0.003863249432191066,0.004457767704596862,0.005120654436207455,0.003894725590576855,0.0029716676761571536,0.003472262481586434,0.004684294674579826,0.00329198835441093,0.005013972500673791,0.0032859916453662416,0.004064453878811269,0.003912928313493149,0.0054913008591094175,0.004881060174843372,0.004225559299754914,0.004496915798619136,45584802,45603732,FKBP3|FKBP-25|FKBP-3|FKBP25|PPIase|-|14q21.2|protein-coding,1,0.0043451917863243
202,0.018891594572726707,0.01281798447586003,0.013908506592324123,0.01559776066866577,0.019295684572291923,0.017471641123519194,0.018107917668410793,0.014891316373969442,0.014616048422157574,0.014266023422931423,0.018709062433497143,0.012482115335378251,0.010582918673207854,0.009930543254926826,0.009934145449063044,0.011936078105839257,0.00939512266107224,0.011273398063406229,0.012837133699446444,0.007644335203862704,0.011364461655848486,0.0180220741788764,0.021003988164157984,0.018522912995739736,0.011825010218728022,0.01293941060470035,0.008359360288673429,0.013151479841612716,52118576,52197444,FRMD6|C14orf31|EX1|Willin|c14_5320|-|14q22.1|protein-coding,1,0.013920643882889069
212,0.0022308925126034726,0.002311299981175325,0.002463485582079592,0.0030844134173803966,0.0024724169970284974,0.002364598396886605,0.003289616926935515,0.003002158261376096,0.002386753284137125,0.0023314720204034123,0.0024166587394441265,0.002720602631618581,0.003303796481149698,0.0024483594955050075,0.0025490082516988794,0.0024352913891666,0.0030069307000204874,0.002477213975940306,0.0030304528725726356,0.002550602685586007,0.002753926399243777,0.0023916189193088975,0.002900681847420558,0.0025411007079204047,0.0025850222100111506,0.002464594634311937,0.00308270062971368,0.002644870306993918,24702078,24708447,GMPR2|GMPR 2|-|14q12|protein-coding,1,0.002651447866344025
213,0.005821455986390324,0.0044076054001082055,0.0026133640236150973,0.0026109980946078253,0.0014182617902482296,0.004840666235251276,0.0009678115134555213,0.0025817523354755155,0.0027387146208625204,0.001622635228375647,0.004767979185892225,0.0036305241650057985,0.00011539214495163346,0.0029342434296377763,0.0026110614685376406,0.002742108439908232,0.007466985193359445,0.0012442646412733492,0.0006994592079826588,0.0023032119239462853,0.003504222530277355,0.0014826712303083968,0.003856683391226039,0.001557284247395575,0.002038100915507225,0.0027210264459744506,0.0027067588125004663,0.0018803778139188298,52327022,52436518,GNG2|-|-|14q22.1|protein-coding,1,0.002781629300571198
215,0.003222313852409701,0.0034219847337956704,0.003021506824921633,0.003400473091712185,0.003253387033091185,0.0037694953845238666,0.0029230428778316544,0.003433221575658413,0.0029153140679466063,0.0034934099767279245,0.003542120030244397,0.0037394637361754684,0.003610978329089909,0.003541866363692999,0.0029979747668637665,0.003405142170416217,0.0037913335294872275,0.0036562409852977846,0.0031882153764283983,0.0030765866472704617,0.003193369208655713,0.003606773329778809,0.004156824906728419,0.003825232830817075,0.0034552860243754857,0.003111449654721881,0.0030102071098659896,0.0031656568074587004,93260576,93306306,GOLGA5|GOLIM5|RFG5|ret-II|-|14q32.12|protein-coding,1,0.003390316829499556
234,0.002343960706209415,0.0029376324920255383,0.002548598450387244,0.0024118427452101926,0.002676148310783981,0.00317640155085783,0.0031501940079467247,0.002627326693686886,0.002543799323625355,0.0024995192463381764,0.002746169680482263,0.002393030879599183,0.0019293036097315633,0.002617388498332759,0.0021265867237372405,0.0021224679319182403,0.002368366801825635,0.0018565484543081633,0.002744175273274276,0.0018098725301729545,0.0022709844752677646,0.0017088481552535652,0.002589733693554612,0.002509249046759755,0.0025266119483589476,0.002369106512251421,0.001784275988509276,0.0022542204055387774,31569321,31676729,HECTD1|EULIR|-|14q12|protein-coding,1,0.0024157987191409905
238,0.020477920582560528,0.011793037299170934,0.009997171327017338,0.01058058301413868,0.016045664998932237,0.02641948556784539,0.01013967502618477,0.011784827889487932,0.01876656857373856,0.016817516038115404,0.015574050228843388,0.014084957804742134,0.022242167526050773,0.012283727152645101,0.013527946010943431,0.01544872269475344,0.01730345411690219,0.023911058896170886,0.012909136853209366,0.013743887501312665,0.015789033873218394,0.01341201339995593,0.016016724559372187,0.016154721305548573,0.01325667518237561,0.016804369351649768,0.009869252202060265,0.017086551282883954,62162119,62214977,HIF1A|HIF-1-alpha|HIF-1A|HIF-1alpha|HIF1|HIF1-ALPHA|MOP1|PASD8|bHLHe78|-|14q23.2|protein-coding,1,0.015437175009279635
239,0.008322182112404307,0.005826829759874063,0.006524699288921882,0.007218403842012771,0.0075170119856310495,0.008182293604505602,0.010812852170197314,0.008010569885613971,0.010178909966829748,0.005725466271082697,0.008887846636193443,0.008219415340900534,0.008266719791264894,0.0075586577691578415,0.010384146184508575,0.005822414340062633,0.005657242131558843,0.005355353013119469,0.009046372137828164,0.005396841919925365,0.008503313754916067,0.005532655933222289,0.0063851794673871086,0.006628868442849501,0.008188603298977217,0.007077030293735067,0.008990644104367061,0.008930684133143189,21677296,21737638,HNRNPC|C1|C2|HNRNP|HNRPC|SNRPC|-|14q11.2|protein-coding,1,0.007612543127863953
241,0.03527403477106284,0.03021707366231309,0.027679103740218505,0.027392827252218453,0.033796667730222704,0.0313602969316706,0.03841973607177772,0.022998924585375006,0.0424019356388451,0.030511032813453052,0.03635505980721648,0.029327963332044803,0.022456903023380305,0.03558983677087183,0.04002375029417822,0.02701399713359572,0.02422617607769226,0.025018003211591346,0.0469410990655577,0.02340327093326362,0.03550647023891062,0.019434123088742046,0.027586517432136887,0.03210743965178826,0.03905499068442224,0.0322796056494572,0.02985953517511417,0.03105090465945449,102547075,102553512,HSP90AA1|EL52|HEL-S-65p|HSP86|HSP89A|HSP90A|HSP90N|HSPC1|HSPCA|HSPCAL1|HSPCAL4|HSPN|Hsp103|Hsp89|Hsp90|LAP-2|LAP2|-|14q32.31|protein-coding,1,0.03133168855094912
242,0.004943751166988237,0.003329596350962502,0.002004009082075004,0.0029723632512670367,0.0023677451237078427,0.0035432820014508763,0.0037845364576290564,0.0020737034130146065,0.0011375628013993804,0.003501938939820569,0.0028256053537682423,0.0019758475448434436,0.008591807316870015,0.0035494899409875555,0.0029553419086282475,0.008655722095093427,0.007201634927817707,0.0029284292887631325,0.0020401306665149767,0.004895636365209595,0.0026816822557572412,0.0029300975502269786,0.0016905956516145633,0.0014102977937278148,0.0017688737851187094,0.0036357359163041473,0.00512911140427743,0.002719062574694987,65007186,65009954,HSPA2|HSP70-2|HSP70-3|-|14q23.3|protein-coding,1,0.0034729853903047616
244,0.008313105537229517,0.009795192738938191,0.008921690442636122,0.009595323611262243,0.007761293126986626,0.006709450739443523,0.009888204464538322,0.01037104118337397,0.007646248660189373,0.008985529148197797,0.005234296008700658,0.006987318831485043,0.011417721156340706,0.0063080337376648435,0.006253010730150326,0.009641508240544567,0.011840717080770514,0.011772249420090537,0.009963451893156243,0.009804382998656592,0.007850954226848391,0.010824162479566895,0.009467387109224238,0.008621045068170139,0.007671009845933117,0.007520716366266254,0.016308592107916683,0.01104780491131203,94594118,94595957,IFI27L2|FAM14A|ISG12B|TLH29|-|14q32.12|protein-coding,1,0.009161480066628338
249,0.0022223345988672434,0.003467672885556674,0.004226518855758557,0.0036090670832613636,0.002990865484856674,0.0036098635038270036,0.0037487576080986003,0.0027923759848092955,0.003651413234909565,0.0030617644852111115,0.0026769086381881607,0.0024925574693889846,0.0023640799903654193,0.0014975564647995016,0.0015704060394787164,0.002597832104022135,0.004072161230842285,0.002744730175338359,0.002567451525828622,0.003620269471075405,0.002066207941793606,0.0028906126506173355,0.003415926926540589,0.003215638917435117,0.00221554049187085,0.0025603394448726153,0.0033948347866001242,0.002755678499693087,105155943,105185947,INF2|C14orf151|C14orf173|CMTDIE|FSGS5|pp9484|-|14q32.33|protein-coding,1,0.00293212023192525
253,0.002391288562477957,0.0015766749840308342,0.0019964287172413537,0.0023258162638860966,0.0019037372348721783,0.0018017936893015122,0.002263362381684692,0.0028239274635710136,0.002016599853002927,0.0020480172626212998,0.001893584637729199,0.0018846043786679252,0.002442864972091017,0.002456697783170929,0.0020007565895919753,0.002777411400600837,0.002450062133128925,0.002984866126651808,0.0024543037127726037,0.002838504176079293,0.0021298031385247112,0.0025930184072506996,0.0019168918049659077,0.0018562210499769108,0.0018155038259334935,0.001912072637711776,0.002580925206620451,0.002365989015942814,24630422,24635774,IRF9|IRF-9|ISGF3|ISGF3G|p48|-|14q12|protein-coding,1,0.002232204550360755
259,0.0028364297421215327,0.0026838897504414833,0.0024830349440190056,0.002365458560922592,0.0027604751148935167,0.0032311129903103445,0.0019165239969125782,0.0021572797745345353,0.002223024434457906,0.002447812407589018,0.0028536775284325774,0.0024087191818989626,0.0017921593822833003,0.0035806989605371474,0.002690236776689319,0.002393491703068759,0.0022606629959082128,0.002390742682244538,0.002496563739335695,0.0025903267983453265,0.002608293398729546,0.0018535377873801755,0.002796217676572752,0.0024525779093700277,0.003306806157570516,0.0036374043915552053,0.0019561001069808366,0.0025446267090482996,59951161,59972124,JKAMP|C14orf100|CDA06|HSPC213|HSPC327|JAMP|-|14q23.1|protein-coding,1,0.0025613530572197755
268,0.006351138980519077,0.007752961271773079,0.009059865864779325,0.0076202203221786115,0.005506498215106031,0.007308138510809193,0.005722196714406603,0.005537635094667759,0.007932371940959105,0.009240331920590556,0.006555281834826757,0.00803103020688478,0.007071018427197106,0.0065450793441674685,0.0059594070838113735,0.0076008009849526026,0.007265618966592353,0.006849951351166349,0.006724301411398137,0.008030563706136484,0.005752439925115383,0.008189804177422879,0.007590891547664994,0.007695278604825539,0.0063245060620893715,0.006559802965907274,0.006525419000852217,0.0063425985229496025,104095525,104167888,KLC1|KLC|KNS2|KNS2A|-|14q32.33|protein-coding,1,0.007058755462848213
270,0.002406848405634738,0.002689817643549715,0.0026295886641362434,0.0026646635171266187,0.0020911924932587667,0.0025384197780898557,0.002495351932732707,0.003358339399397269,0.0022273558855076207,0.0023478636213470883,0.002474274119759575,0.0028655625448685447,0.002182237886079569,0.0027685497418763936,0.0017106003441885096,0.0021464935579451516,0.0025105358256366332,0.0017819512477919438,0.0024130351237828403,0.0017996465209477832,0.002458844686411449,0.0022714417248594146,0.0028961790814357393,0.0027757826442642397,0.0021090276617991856,0.0020556898535527934,0.0021435142297207173,0.0022154435407047237,50234787,50249856,KLHDC2|HCLP-1|HCLP1|LCP|-|14q21.3|protein-coding,1,0.002393866131300208
274,0.0047169664529781545,0.004288035458632415,0.004117335004382648,0.0037297468650561378,0.005424697005795118,0.006069013091587905,0.005570295762485481,0.005048937745847371,0.005948567360189732,0.004844184506525523,0.005082166887484763,0.005082005893781408,0.0037322063986138087,0.005617623518926543,0.005128928198452624,0.0035817795536038683,0.003950575601051062,0.003642271470968905,0.004757908914399404,0.003596670988248087,0.005033432630873509,0.0030905546422648218,0.0039981988936060725,0.004781334209552768,0.005379879603688829,0.005266606302087712,0.0038787930619581293,0.004296788759367224,56046925,56151302,KTN1|CG1|KNT|MU-RMS-40.19|-|14q22.3|protein-coding,1,0.004630553742228929
277,0.019787322877118735,0.013994888131982084,0.01689862804705731,0.01958828373259464,0.012121030992696262,0.012066123618109785,0.01756512323585443,0.030960975308093178,0.01413538111138351,0.010790604227727046,0.01253710675664146,0.01495873348963066,0.010637431514098798,0.010927921578166265,0.01117440539228665,0.011143600186125055,0.01574581774154533,0.012468629709385209,0.01995590333533232,0.011183058806501486,0.01334532484362895,0.01406536923879871,0.02382284832111154,0.013297861705602678,0.015519336557596138,0.011232688767118715,0.014612845072216798,0.017181272479026583,55595935,55612148,LGALS3|CBP35|GAL3|GALBP|GALIG|L31|LGALS2|MAC2|-|14q22.3|protein-coding,1,0.015061375599193938
278,0.0051858363934358205,0.007975474137469865,0.004730945589338124,0.006998618317626759,0.0069608198866456935,0.005119680932708613,0.0026999662074495894,0.0034148516035793683,0.0026580258755935482,0.008739788399090972,0.005085967050867271,0.006674682343255035,0.012088454578203248,0.007525304618494155,0.006870784977789546,0.006977483085223798,0.01051029584560093,0.005519215416197233,0.004096991842079858,0.005280947148706757,0.006395260173673394,0.009519835795817489,0.006470346069728547,0.007523059016991551,0.0060766305819686785,0.006874503067106717,0.005099713110514311,0.0043349653631357355,93170152,93215047,LGMN|AEP|LGMN1|PRSC1|-|14q32.12|protein-coding,1,0.006336015979581879
351,0.005700607871205992,0.010538348118848186,0.007310663432200353,0.008342546122261969,0.007558403678164016,0.007554544644602811,0.00509676714539022,0.007355841644109697,0.005083267196200996,0.00670869579760664,0.004744687861934916,0.004708624299046654,0.004475756242980311,0.004667535198592402,0.004034148574706558,0.006063283498954885,0.010923878460323833,0.007424657170656477,0.0055143757828484035,0.006701969122958452,0.004520728154827339,0.006398938730698277,0.006650328058664608,0.007048041819162814,0.005003648800693757,0.006220332424442135,0.007132204238409918,0.006417871260568648,23340926,23350920,LRP10|LRP-10|LRP9|MST087|MSTP087|-|14q11.2|protein-coding,1,0.0064250248339664745
356,0.014306886786581192,0.02115260218603348,0.026401346804749884,0.020745461260374246,0.011354512971314576,0.015067202975210806,0.00428582233165542,0.01903129107389034,0.009341454845303463,0.020721915423870144,0.006292457631855863,0.01304325453203677,0.013902631312281916,0.007899098142717893,0.007130489181596212,0.009424051809056092,0.008533332652538906,0.0157268792314532,0.007470482115023862,0.011821528869662826,0.012156857807118056,0.015629130262936306,0.011637077061623568,0.015123334182251345,0.009798444102790769,0.01624453173279497,0.010580490468215712,0.007198930959052712,74964886,75079034,LTBP2|C14orf141|GLC3D|LTBP3|MSPKA|MSTP031|WMS3|-|14q24.3|protein-coding,1,0.012929339239785379
358,0.0026475073131262835,0.002962211561010888,0.002281157859501794,0.0021139861664563873,0.0028456437839359263,0.003479156374162393,0.0023172216462803625,0.002480086459465535,0.002332548268143551,0.002212599597299677,0.0027210395677914824,0.0022348927924174043,0.002092576863105656,0.0028705150881910904,0.0020394823934339426,0.0019321016195723538,0.002239600918306583,0.0019613198117747637,0.002427906687382755,0.001911083800965676,0.0022887911303524737,0.0016842032179133185,0.0026140486298726357,0.002631140252240337,0.0024062328166765713,0.0029318960488580893,0.0016093338691840517,0.0023916801895480385,50885211,50999376,MAP4K5|GCKR|KHS|KHS1|MAPKKKK5|-|14q22.1|protein-coding,1,0.0023807130259632147
360,0.002223371921744362,0.0020448339568223833,0.002388080900313282,0.002336468445742842,0.0019017728833621392,0.002138385013813615,0.002373500121342504,0.0023292002765872744,0.002204337317071994,0.0019940449180506576,0.0021528538491487146,0.0022136822077081027,0.0024683308247699983,0.002438591787096357,0.002192087341511488,0.0023390663053343263,0.002248855467555784,0.0019984787198895847,0.0022373028139105137,0.0022649299406930796,0.0023542941829855124,0.002174319471792743,0.0020038595137012736,0.002091040872299796,0.002289044161470996,0.0018323708584112649,0.0017061032528209836,0.0020933504399733537,103851701,103970166,MARK3|CTAK1|KP78|PAR1A|Par-1a|-|14q32.32-q32.33|protein-coding,1,0.0021797342059258905
366,0.005845184747204415,0.008313074879121585,0.01315432678580429,0.011358461965171141,0.007982282671866025,0.00857687086858708,0.0037507948379651027,0.009938996267530177,0.006411413843787827,0.00961387385103873,0.009024284760217046,0.006772702856024057,0.009127386031024837,0.013127323627645902,0.005886666924072604,0.026378666420853458,0.016767328505224353,0.015182626953200032,0.008997419907645111,0.024418530105567812,0.012142230911869903,0.009230854030553627,0.01748874308503795,0.010469268731362124,0.00988630491653652,0.008093131721629022,0.00995310415358916,0.005634410517822412,101292445,101327360,MEG3|FP504|GTL2|LINC00023|NCRNA00023|PRO0518|PRO2160|onco-lncRNA-83|prebp1|-|14q32.2|ncRNA,1,0.010840223745641154
370,0.0016913549511420926,0.002039339811990364,0.0020606623350422843,0.001710281957860238,0.0022531111820148467,0.0017139279361658032,0.0020735180234999558,0.0013781685923118442,0.002520533243701173,0.002081333524701943,0.0025947760747597566,0.002151054504927382,0.0017759779550601976,0.0030345411184192895,0.0030014221677992533,0.0023840530642724725,0.0016370978499448236,0.001997500853886563,0.00199068271754526,0.002427759472201577,0.002486572192186211,0.0019986249184961447,0.001995754534928599,0.0022300299391826307,0.0025999929073253704,0.002120760388344032,0.002451862242713427,0.0020458097635823774,21966275,21979517,METTL3|IME4|M6A|MT-A70|Spo8|hMETTL3|-|14q11.2|protein-coding,1,0.0021588037222859255
371,0.002868975747391133,0.003079034430070669,0.0031130031583523586,0.0030287254286862717,0.0035594049361908475,0.0030274117955407585,0.0028172342516401615,0.0028828235572595537,0.003012833594437328,0.0031547834889402667,0.0031075529595672425,0.0036700586868012434,0.0020763954358825536,0.0028906460969845295,0.0031420761259671115,0.002726173075706709,0.0026755221001827294,0.0029713156977527943,0.0025602636034219965,0.0026446033088481594,0.0031304099638919188,0.003513228567616367,0.0030155667052618037,0.0032818241873793235,0.003280300660686323,0.003312436750349257,0.00283125613230034,0.002969851647878696,50087489,50090199,MGAT2|CDG2A|CDGS2|GLCNACTII|GNT-II|GNT2|-|14q21.3|protein-coding,1,0.003012275431963873
400,0.00681482230659115,0.01092207076053712,0.01037406174699216,0.010290951537831224,0.009626865818235188,0.006298364537272884,0.010980032346117205,0.009826673003138461,0.008476278437059004,0.010808195214105625,0.007908630342661958,0.00927755995441607,0.010032617512972996,0.008284446151278695,0.009120443914923662,0.008005191496497406,0.012306635767109587,0.00796611554604387,0.009736288759167546,0.008362777903272178,0.008140566752761844,0.012086486770107386,0.013294480895407178,0.007745744873157997,0.008840687606581854,0.010902459011659434,0.011731144140391107,0.009341983015252995,74946836,74946907,MIR4709|mir-4709|-|14q24.3|ncRNA,1,0.009553663432912278
425,0.027324381236903797,0.041755934471623755,0.04066187490084019,0.04519923018434612,0.03670489014083558,0.0283308385735568,0.01762051042284998,0.02201199432970847,0.03072446736455831,0.04795782640974765,0.03990600602338155,0.03980611768485841,0.017974780317230248,0.04498887374629378,0.02950193789897921,0.04340866756329649,0.046719996272650506,0.042211402057290376,0.027182615737014245,0.04548292918527942,0.03508966731953495,0.04606867537039287,0.034075517818088256,0.0386202081002773,0.030151229812106703,0.03763066246809844,0.03776622855413957,0.018926951709837644,23305742,23316808,MMP14|MMP-14|MMP-X1|MT-MMP|MT-MMP 1|MT1-MMP|MT1MMP|MTMMP1|WNCHRS|-|14q11.2|protein-coding,1,0.03549301484549003
430,0.0027664104479160185,0.002357277298453803,0.0023819634129036696,0.0025326573647499887,0.0030338005964332428,0.0025801696545798046,0.003549236408047975,0.003023332809345071,0.004302492205553836,0.0035184638058125685,0.0035047313259971382,0.003395325136927503,0.0031207606650195214,0.003081354647743677,0.003603223457770718,0.0030355643006655096,0.002967359523920457,0.002789851706620642,0.0030539995149391676,0.0036949980000285806,0.0036532896714150656,0.00383864774023812,0.0024231313521163003,0.0028935372703733082,0.0028951119814294634,0.003138658635739125,0.00408135176027295,0.003441776897608308,23299092,23304246,MRPL52|-|-|14q11.2|protein-coding,1,0.003166374199736484
432,0.002868197755233294,0.002579934746909327,0.0023138731182575484,0.0022667573315664196,0.00264457837580121,0.0021608972021170186,0.003985330926346247,0.0023055016103173615,0.003742744974186408,0.0027675152585148704,0.0028794205707011818,0.0030220690486111464,0.00239379015182423,0.0026698005922328374,0.0037238824905127532,0.0023765757010702194,0.0015970479902629377,0.00235204712755354,0.0026382153826248833,0.0025490294533975196,0.00286865213414669,0.0027028606279768533,0.0019812170333204683,0.0026665769488562973,0.002775959956084318,0.0027176894954723356,0.0025304804070951,0.0026301038847815696,64854759,64926725,MTHFD1|MTHFC|MTHFD|-|14q23.3|protein-coding,1,0.0026682410819919497
437,0.0060827316860646045,0.005304452252556007,0.005908827893401984,0.006137274802425623,0.005862607081711692,0.004932761551037928,0.006065979254378962,0.0069716147471892195,0.00571083257543253,0.005825548322372949,0.006469962037593669,0.005997198696741352,0.007217181810802509,0.006147819496083923,0.006727488012237814,0.005830872341061903,0.007137970011430963,0.006733166211376912,0.0075077849537203145,0.0063074811516951115,0.006232583660435228,0.0048365027031918775,0.007174578669754278,0.006252301834062773,0.00637604452825308,0.005184979359035981,0.008487086966500312,0.006923411129968647,92582468,92588153,NDUFB1|CI-MNLL|CI-SGDH|MNLL|-|14q32.12|protein-coding,1,0.006298108705018504
438,0.007768770357461464,0.009935438014913422,0.007569725725111768,0.008383671634493706,0.008073344395438551,0.007539536519067209,0.008122180824013643,0.008890926257463152,0.008982315675409969,0.008934222104593607,0.007575441824156879,0.008643125009412982,0.010255178454615342,0.010173902136376506,0.009595610677198248,0.011575571135710956,0.009882741669788747,0.011512416453573367,0.011430035923501175,0.011594983434520567,0.010418165128489643,0.010436203465952688,0.009593207255885758,0.00955798029581782,0.009926185872496534,0.007950412915538574,0.012449731979987335,0.010076462455050951,24683516,24701591,NEDD8-MDP1|-|-|14q12|protein-coding,1,0.009530267414144306
439,0.01862681790834215,0.022472498190546777,0.018665252019868003,0.019237166244557107,0.01917712192757885,0.018265434526847694,0.0183337955298593,0.018484959690531877,0.01959758839656241,0.020480705686406284,0.018583902213705497,0.018687027154568686,0.021752215131279125,0.020647744391935733,0.021811131152001888,0.02297573068548053,0.021950833451940484,0.0240830236175594,0.024279438662917548,0.023530309432484017,0.021242576373697586,0.022403970537904903,0.02091470474720185,0.020552732493341143,0.021747514772212862,0.01849517650222132,0.027526268322013322,0.022195973472782786,24686057,24701576,NEDD8|NEDD-8|-|14q12|protein-coding,1,0.020954343329869615
446,0.002064920852264476,0.0017873320635111577,0.0015725932308405946,0.0021954281644497317,0.00335805890641184,0.00154051586747716,0.0029257167420314394,0.0020371036976510135,0.0009911597559190207,0.001950600512297499,0.0014716439163552169,0.0022197065157912176,0.0056233112293269,0.0025778411911172457,0.002024313829317801,0.0022240865236341062,0.001884577261763968,0.005834926440029923,0.0007708427132622497,0.003280320215679645,0.0022689494289723686,0.0031791969168918385,0.0017002444358677473,0.0019579809025161293,0.0025700515126969303,0.003410491757411399,0.0014519861832473602,0.001330178521242459,52471520,52535946,NID2|NID-2|-|14q22.1|protein-coding,1,0.0023644314031420867
452,0.006653648264558827,0.011442713274750329,0.009037124770278373,0.010998040672727083,0.008330253510787236,0.006004341714279945,0.009682062267421562,0.008177582379859332,0.006056853636432602,0.007232160907417706,0.005558903513116203,0.007368732836997285,0.0077839296675592095,0.007844303680913265,0.007228855021622099,0.006587066662286484,0.008791662225546767,0.006680221752070457,0.008440355921131636,0.0070117647614081945,0.007166797100415162,0.011094329292667772,0.00955486941978644,0.007357320070172931,0.008582872565129589,0.008229690003715566,0.011540055230930837,0.007905078076557057,74946643,74960084,NPC2|EDDM1|HE1|-|14q24.3|protein-coding,1,0.008155056757162141
458,0.003608716624136429,0.0035604950166660547,0.003124041233461007,0.003085492119340573,0.003028889717658145,0.00327340861681977,0.0027721605408437848,0.002849168646580388,0.0031586178611963,0.00347088818356141,0.003242642638519633,0.003327928190247649,0.0025349134187535845,0.0038181019222254553,0.0031790782293413355,0.0032799882715719474,0.0032687706192952885,0.003768136795072114,0.0034720143817934387,0.003697751156358434,0.0032432278428928996,0.003055044732548767,0.0033595780265019944,0.0029402806172714045,0.0032387017558541866,0.003342854337618534,0.0027068701696738116,0.003062171799759152,73741918,73925286,NUMB|C14orf41|S171|c14_5527|-|14q24.2-q24.3|protein-coding,1,0.0032310690523415534
467,0.0036687516856496755,0.003992074551497054,0.004677085102362187,0.004654464120417657,0.004322836119485329,0.0037505305713470597,0.004765717292083503,0.005653323850127391,0.004155099114119256,0.0036285407357270136,0.004503071022356729,0.004198064189002626,0.004649242364355871,0.004025487048316446,0.004384979076574589,0.003973054034613572,0.004290600505362213,0.003991788719477484,0.004715648887836313,0.004188206291119537,0.00426469389278791,0.004338303969862156,0.004428791972211501,0.0038574981499148757,0.0043075113755825225,0.003597232641279746,0.004724216721994479,0.003573354123175252,23235731,23240998,OXA1L|OXA1|-|14q11.2|protein-coding,1,0.0042600060045942835
468,0.002988267878259787,0.003399140657915169,0.0032348209511176853,0.003362583685360976,0.003393697855236835,0.0031518427999813895,0.0038653890179558897,0.003385964471913084,0.003810810633539069,0.002534168158902045,0.003422353590737604,0.003302199374476011,0.003356717706248206,0.0034763512463179018,0.0038247764245579975,0.003309775144656333,0.0031805332790399775,0.0032414861048733353,0.003605734524496006,0.0033652747538579914,0.003966559610512489,0.0031581294704558214,0.002741026630644539,0.0028638917848774655,0.0034028885837757154,0.0030346997931732407,0.004003624453278038,0.003741307169314079,23789397,23795394,PABPN1|OPMD|PAB2|PABII|PABP-2|PABP2|-|14q11.2|protein-coding,1,0.0033615719912669525
471,0.00387738324931018,0.0033337892509658854,0.002850882121736138,0.0024296413275531085,0.003946101562024258,0.004105813834026231,0.004278437373389347,0.0036366935564728703,0.003451176440668464,0.0029996629726927924,0.003640924278189612,0.0032508672493511324,0.0023815877640822186,0.003556398807910748,0.003527725377283559,0.0023029052865693317,0.0025229815987648685,0.0025145125791984154,0.003459497482430177,0.0026890471181729423,0.0034940472988003782,0.0016394183317788914,0.0024398559114884857,0.00259722030139393,0.00363861571115782,0.0035924839040267368,0.002453198528793569,0.0035326564229314615,96969202,97033453,PAPOLA|PAP|-|14q32.2|protein-coding,1,0.0031479830586129847
474,0.001160893964855501,0.002064063463734451,0.004924178398167839,0.0038560898321418394,0.003211714718913927,0.0007978865284745754,0.0014763550188813012,0.0042649185558173005,0.0006062793912157925,0.001390487514197725,0.0018244461813506615,0.0031456928707334097,0.0037704051776322805,0.0012657520676868839,0.00198478363192422,0.0016874324892166615,0.0015097680171713374,0.0009267375805779049,0.001731545721816745,0.0020179324871004794,0.0030019476664950866,0.0034563862121380555,0.0022108580985462497,0.003526158142256689,0.0030783189575780746,0.0022299813451632506,0.001103660945023743,0.0017459193352372816,24563340,24573341,PCK2|PEPCK|PEPCK-M|PEPCK2|-|14q11.2-q12|protein-coding,1,0.002284664082644617
485,0.0030033090599780087,0.00285941321954863,0.0030832136544446808,0.0028623356513290082,0.002863743879992715,0.0027610857860362486,0.0023262618538129687,0.0028903959121623656,0.003051445386651928,0.002957151422277892,0.003222048204704749,0.0031065348681931595,0.0026146268430247703,0.002804761734025538,0.002964534977789545,0.0024165366912986537,0.002863485186657876,0.0027443110899084927,0.0024633505806292183,0.0027860631031296963,0.002840924628371928,0.002977664929286917,0.0028505081693040012,0.0029775098316150213,0.002541091803138275,0.002422112687535014,0.0028833712894258683,0.002602131719127283,74178486,74181128,PNMA1|MA1|-|14q24.3|protein-coding,1,0.0028121401486928726
486,0.0026704580817825357,0.002536993667564333,0.0023165328953921624,0.0023674811270979236,0.0032981461853556476,0.0030496511088344237,0.0037477389931653486,0.0028968464367092064,0.00388852924094538,0.0027880380759565467,0.003273779461073088,0.00303035247222543,0.0034227697616343138,0.0033151840575751618,0.003926015098696791,0.0031246797604694114,0.003094051111918136,0.003120370415641945,0.0034283911285670223,0.0029089063165141263,0.004130380837291816,0.002490198668669885,0.002553325614305931,0.002928973966989269,0.003222258530935289,0.0028679806123175825,0.002565446559525476,0.0029717724832884324,39644387,39652422,PNN|DRS|DRSP|SDK3|memA|-|14q21.1|protein-coding,1,0.0030691161668015216
487,0.0010960612850355802,0.0022553464535439694,0.0015686035651386735,0.0013994809555843118,0.002107047616161225,0.0016833659350751215,0.000959407940256197,0.0008552554176343038,0.0026294382986654305,0.0034235790914068968,0.0022232181646828996,0.0028768581225243864,0.0017920267476339304,0.004387726088203122,0.003439586826699615,0.002164880516639217,0.0007730739846961667,0.004347452554290771,0.0018080103446596403,0.0036582892489638624,0.0018905580084222935,0.0019976974208543072,0.0015575710793773317,0.002440168171255489,0.002738287791531322,0.00288979913483141,0.002365894504890974,0.002056614462762145,20937538,20946165,PNP|NP|PRO1837|PUNP|-|14q11.2|protein-coding,1,0.002263760704693592
495,0.0034655660670940436,0.003059082009364915,0.0033417439919291724,0.003615404457277402,0.004065646382492352,0.0033315309938940123,0.003925359972151068,0.003534747222873897,0.004159306809424693,0.0030511032813453054,0.0038838895628390113,0.004512834286345404,0.0033011437881623044,0.004904342568304572,0.00500516650486865,0.0032807237499197102,0.0028950783030603196,0.0027663829225481234,0.003885195990477738,0.0030179837482492873,0.004049487747049851,0.0031901943889307664,0.0034012607744757493,0.0034559741789200187,0.0045771066378722065,0.004270269888706283,0.003383810426438955,0.0037881275324264034,102276140,102378962,PPP2R5C|B56G|PR61G|-|14q32.31|protein-coding,1,0.003682802292408651
503,0.0027272515093047863,0.0023329873949859276,0.0024505856629767134,0.002434360648628882,0.0031902471631256426,0.0027088302216713785,0.0035915089277779094,0.002850570934525353,0.003559462716911334,0.0027992323400156424,0.003075067691942575,0.003109296009397921,0.0031643974646621506,0.0033000560213812757,0.004185489475774425,0.0032870978956003193,0.002598932727085896,0.0029217239218852697,0.003120921551138784,0.0029064153655490206,0.0034047596425899065,0.002720350583508641,0.0022269394056348897,0.002612525645068528,0.003380064405903216,0.002923553672602802,0.0028589840684632812,0.002937437550339394,23389720,23398794,PRMT5|HRMT1L5|IBP72|JBP1|SKB1|SKB1Hs|-|14q11.2|protein-coding,1,0.0029778232363732817
508,0.005407045496981391,0.004513295396745211,0.004595562933186265,0.004042435595762373,0.005990570551508524,0.005419707005915793,0.007025132540901847,0.00505861353266763,0.005654276200297682,0.005247444542749629,0.006139715581062143,0.005781829682769977,0.0056693354526581845,0.0067916544222882905,0.006688417468302298,0.005167225711930783,0.0038802091145183457,0.004623909242859309,0.0064167079042732325,0.00448751371497936,0.00647386383683304,0.003879457636478959,0.004787984047343368,0.00534735615355479,0.006389174566061453,0.006734222801767813,0.004794928527068646,0.006167802500663589,58711523,58738727,PSMA3|HC8|PSC3|-|14q23.1|protein-coding,1,0.005470549720076069
509,0.006370329453745773,0.0053375617043068604,0.005631546127118463,0.005206220173048065,0.0067984802654231765,0.006805639180376248,0.007213321649820049,0.005704647588913119,0.007390321781023368,0.006810110499380117,0.006599290178514514,0.0071069264482185625,0.007462555912136442,0.0078848039352906,0.00789133056805813,0.0062635787689955666,0.005285624110845246,0.005440986135955504,0.007272318530054996,0.005728269500966816,0.006908600601686875,0.005746642889160454,0.005694455165315837,0.006325381402959501,0.007500810196959156,0.006255113716214179,0.006847575303339725,0.008255030277768409,35747764,35786685,PSMA6|IOTA|PROS27|p27K|-|14q13.2|protein-coding,1,0.006562052573771278
511,0.016571362627331384,0.01542611286072314,0.015273238240094626,0.015710889536739308,0.016199445660003867,0.01596523463225931,0.014699504774884827,0.012059816555495617,0.016570151624300332,0.01752648609519149,0.0166596710970851,0.016696620865191046,0.01767184277806987,0.020203313659342116,0.020955716066543114,0.01800536801130087,0.0161423273085154,0.019581068234791214,0.015744772242623117,0.02073952663278886,0.01738565488234952,0.018970241768160305,0.016459024829538146,0.015581942948573079,0.018531514483597453,0.018409570887417064,0.017372832613576243,0.01647560557037467,23495060,23504429,PSMB5|LMPX|MB1|X|-|14q11.2|protein-coding,1,0.017056744910245038
513,0.002398809153337068,0.001919046956720886,0.00208991988352304,0.0021663032115249595,0.002454597522616,0.0028923386657203364,0.0027245402927142805,0.0023005936025099834,0.0030148136863457687,0.0026962184576622937,0.002660849883249174,0.0027907607195031955,0.002302404878408512,0.00309898417023734,0.0029582147427411527,0.0022839054292521314,0.0018489951155127307,0.0025745814908125996,0.0025067259744623034,0.0024396898162976103,0.0026921118680211424,0.0019817974612799548,0.002196449247394828,0.002343510099941136,0.002665397675099791,0.0028709325300694533,0.0020461880602170596,0.0025386240983928735,53173896,53194716,PSMC6|CADP44|HEL-S-73|P44|SUG2|p42|-|14q22.1|protein-coding,1,0.002480618024770271
514,0.004305278936121658,0.0026687085607740614,0.003927958872398123,0.003912317171816053,0.0037065909886216347,0.003390608433502338,0.006512387248876404,0.007174806270414683,0.0047492504423958465,0.0035376539727710187,0.004287197225047146,0.003558608987263609,0.0056296776924966456,0.0025872515443402144,0.0033792573103285975,0.002376453121345592,0.003920897218976038,0.0026961162654738566,0.005598276187491256,0.00319444795872468,0.00245948063837876,0.003698065597668218,0.005246622925511385,0.003827714778439983,0.003518850132644059,0.003136476783487742,0.0048510525424346005,0.004457058463867105,24605367,24608176,PSME1|HEL-S-129m|IFI5111|PA28A|PA28alpha|REGalpha|-|14q12|protein-coding,1,0.0040110380811289766
515,0.0063944472106387835,0.004087210006746231,0.004737196065604467,0.003855954994396818,0.005324936011249561,0.004621684039936349,0.00625009390356416,0.004725149459354894,0.007090709124127383,0.005709740995380633,0.006165213451499618,0.0050031878630273155,0.011603011761510167,0.005167117748176327,0.006945823404818641,0.00571307322569526,0.004523719409725701,0.0054377731476598625,0.007530340158513518,0.004514389764866028,0.006071306241525145,0.005504963503630291,0.006632702946095458,0.006613700985153954,0.007026042755084423,0.005229386469564124,0.0071923371120162964,0.005747979911423076,24612574,24615855,PSME2|PA28B|PA28beta|REGbeta|-|14q12|protein-coding,1,0.005907828273963732
528,0.002340330076139499,0.002010712425760368,0.0020982981814970745,0.0025265896662239945,0.0020155649601222613,0.002171812202506548,0.002796097991775194,0.0022581042777775366,0.0023221527856242354,0.001970190474400917,0.002354507680252782,0.00237119276279789,0.0022118154128890105,0.002372957551326032,0.002448803797840732,0.002733650438908962,0.0023123608227485757,0.0021785457595888493,0.0022988958731534944,0.0022939036334977316,0.0021875475771565545,0.0023845964371635585,0.0020047600668982373,0.0020689791156517268,0.002279595442674316,0.002130771239850376,0.002217009964128514,0.002308844162503156,23369854,23388396,RBM23|CAPERbeta|PP239|RNPC4|-|14q11.2|protein-coding,1,0.002273878242173505
529,0.002998252110952055,0.002631550791778562,0.002487290587434388,0.0023843358452256855,0.002988901133346635,0.0029207176667331116,0.0035995305203772644,0.0033925552252544212,0.0034915208133029507,0.0027943015332277076,0.00289731811437364,0.002539120350614731,0.0026895654199186473,0.002825607453190342,0.002868467405053982,0.0028037660413956634,0.00274907981059448,0.002751854627646088,0.003195279369138358,0.002302163102487293,0.0030000398105931537,0.0023257665867384533,0.0026229255113855657,0.002820319815497529,0.002810073512259344,0.002667506893690532,0.0020327138422422974,0.002818585859361954,73525221,73588076,RBM25|NET52|RED120|RNPC7|S164|Snu71|fSAP94|-|14q24.2|protein-coding,1,0.0028003253483505305
531,0.002853415904234352,0.0024771364054470687,0.0025251924116026394,0.002502184034374995,0.003022154798195154,0.002911849228916619,0.0029487629048962527,0.002653829935846729,0.002582287360095678,0.0024376842639165027,0.0028725557594295537,0.0030460407745252095,0.003130840898371618,0.0036892158185893547,0.0031097854705380524,0.002862113990318163,0.002894918741866368,0.002909710139562433,0.002727568693921038,0.002568563753071244,0.003038069738238354,0.002154444522324802,0.0023503151936189372,0.0025379293304022446,0.002766020394752746,0.0030603686431895085,0.0023945132984406767,0.0025754801278171906,68143519,68162510,RDH11|ARSDR1|CGI82|HCBP12|MDT1|PSDR1|RALR1|RDJCSS|SCALD|SDR7C1|-|14q24.1|protein-coding,1,0.0027715340191608387
550,0.018893928549200224,0.01734212357951054,0.019319158228412885,0.01832310117105233,0.01855007286340994,0.01844403122072136,0.019057776093667753,0.02021243820993457,0.021681016351475225,0.019623944690740466,0.0203406809696644,0.02054088246072904,0.022288324384031426,0.022938510250554822,0.024522052334304125,0.02179982338713276,0.018607228632681834,0.019776641435395537,0.020348388684673407,0.01981525272205222,0.021374854382898285,0.023555392610414286,0.019495690209700243,0.020423946988908037,0.022730426948335016,0.0185723113965202,0.02383500073996842,0.02102198288079452,50085406,50087403,RPL36AL|RPL36A|-|14q21.3|protein-coding,1,0.020479820799174424
552,0.030764143897429517,0.024195201760902337,0.0316571994116041,0.03388701756571756,0.03017384230242202,0.019567184760803904,0.03099568845764128,0.03689826246707604,0.03296098117514247,0.034752059711270614,0.03943025008507463,0.03945131104004659,0.045725397466253766,0.03791574255608302,0.0472468596475745,0.03960955415792877,0.03043167047166927,0.03346271431854265,0.038628762521081994,0.04318011056938026,0.037043947715081814,0.043401722151121425,0.03984510485012222,0.041426187773953585,0.03501462035845494,0.035845393949467015,0.045327380624275,0.04125798392236752,50050290,50053134,RPS29|DBA13|S29|-|14q21.3|protein-coding,1,0.03643201056030317
563,0.003707651293541628,0.0034598654165848572,0.003210085023765774,0.002851953144962307,0.003107042845593272,0.00488009667415845,0.0035385409512488347,0.003803145135540245,0.0029471192942259407,0.0034499655709747663,0.0034248053090489,0.003252875352045504,0.003208830072200998,0.003682664306851845,0.0029826912893831086,0.0023733886282299144,0.0028853450702292635,0.002676838335700002,0.0031699977110185027,0.0026723970775114456,0.003559804732220341,0.002486753677428775,0.003650199408207899,0.003176892957321945,0.0034941852952657133,0.0033271963391086107,0.0030102071098659896,0.003932670397009068,31091525,31205033,SCFD1|C14orf163|RA410|SLY1|SLY1P|STXBP1L2|-|14q12|protein-coding,1,0.003282971729258711
565,0.010451416983050143,0.009775095735473697,0.007960048019616387,0.007644895629517655,0.009731116759089406,0.011380661593647359,0.009120423458600051,0.010466396763631607,0.008591123767748584,0.00943116746978848,0.009286741205441247,0.009749338581175044,0.008485566962724888,0.00992006083614681,0.00783961955402583,0.007506904915888245,0.009982307854814632,0.009535171395463681,0.008885759250949086,0.00829879979427367,0.009588629382329109,0.007375328748226657,0.009310176251125691,0.009246909527080047,0.009131266387238192,0.010016626997598038,0.00644780305103065,0.00936827444992376,39501123,39572732,SEC23A|CLSD|-|14q21.1|protein-coding,1,0.00909027254734352
566,0.002927973486027261,0.003210749323280398,0.002699008847349672,0.0021619884036842524,0.0027521967763869232,0.003180631113508773,0.002474852307201022,0.0028014908564515696,0.0020644933260383445,0.0021904775992781303,0.0024336981817076318,0.0021136535922447078,0.0018247875060282447,0.001961999087791329,0.0019168698334951317,0.001834895897943063,0.0022606629959082128,0.0026322755849908746,0.002248704346003782,0.001974668601917062,0.0021328557079678036,0.0015991384341905311,0.0023468416312877913,0.0024055587905138305,0.0024383830027120273,0.002826140386791066,0.0012833914228028089,0.0022148432796391814,81937891,82000205,SEL1L|PRO1063|SEL1-LIKE|SEL1L1|-|14q31.1|protein-coding,1,0.0023183296543979083
575,0.0027979191303085,0.0026872151538924424,0.002434627000169029,0.0024835764255619467,0.002752898330497652,0.0030429656710958372,0.0023303363135459745,0.0018072687034712096,0.00299847792810113,0.0031453216705093646,0.002693948080451665,0.002509500835872747,0.0025122328937113667,0.0032394247582105034,0.003128861089047746,0.0028807461084614824,0.0026278133031911602,0.0024865735505406553,0.002844558327573701,0.0027962891123548676,0.0025650486649523947,0.002548101021453153,0.0025077833526309014,0.002758960554820087,0.003080159617083921,0.0028935211180837694,0.0026283633624654837,0.002580762425193966,99864083,99947226,SETD3|C14orf154|-|14q32.2|protein-coding,1,0.0027058305179733094
577,0.0022700514512147053,0.0017328243634671754,0.0016175434644155732,0.002122076431157713,0.001975155443344314,0.0028052915376138416,0.0024500235682030184,0.0019065506899747491,0.004194577196543799,0.002778709522573966,0.0029264935622780584,0.0031537252815108966,0.002879630872465418,0.002502677483728725,0.0020652229870855767,0.00228267963200586,0.0029916128254011205,0.0030385090616747074,0.0020190626180817644,0.0030590188878323464,0.00269541881825116,0.0022000244064379463,0.0021543805480509453,0.002155985168432549,0.0026866266147338898,0.0026504371084297143,0.0019211339545504606,0.0019938271553063863,71996029,72207946,SIPA1L1|E6TP1|-|14q24.2|protein-coding,1,0.002472473951955942
578,0.004233314661521546,0.0036780407995195227,0.003865321120877961,0.0046722627027605745,0.004704341244899351,0.004169803023809845,0.00777139530637518,0.004502466133694413,0.007394900743561638,0.00614151975194577,0.005881917400629405,0.006538382372874549,0.003642147471691787,0.002730670092194064,0.0033950004412673204,0.004391050895591985,0.004247838105383148,0.0063107280980715785,0.004317338842751929,0.00683490724288568,0.004919978799905218,0.008295406408929205,0.0047655988678759805,0.006182393642684204,0.004271066317366757,0.004634125837686877,0.00669122983196314,0.0071839244324141465,105219470,105225996,SIVA1|CD27BP|SIVA|Siva-1|Siva-2|-|14q32.33|protein-coding,1,0.005227395378254742
595,0.008037047986556295,0.0051879185490137,0.006572575277344936,0.006472346598805526,0.007458362061974168,0.006347618476530635,0.007645214381518658,0.006096727298325401,0.009769773476248118,0.007062381235854748,0.007678781750977991,0.007827333289824443,0.00898798701453729,0.0073646139033323255,0.012326641698290827,0.007425021659837341,0.007116588811441431,0.007957454447159963,0.0076441076200528665,0.009218616213809596,0.008872547467136864,0.008009207136590856,0.006691624855268237,0.007139735995231351,0.008272537372443831,0.007983269043559397,0.008590649137711296,0.00952074076057159,78174414,78183941,SLIRP|C14orf156|DC50|PD04872|-|14q24.3|protein-coding,1,0.007831336554283915
639,0.0032457832825045123,0.0026487561400683067,0.002730261228681388,0.002924495851784193,0.0031979642583436535,0.0030886722352269904,0.0036682870283717365,0.0034614075633522144,0.004007210999707566,0.0027957674487592557,0.0035115961372687663,0.0035283619404296337,0.0035089822837246144,0.0034901689801642858,0.004159863795487307,0.003509457516073879,0.002755781380740453,0.0029052398949771913,0.003632255479582521,0.0031514462789060107,0.0037943438177646567,0.0029838924134535385,0.003141129551009906,0.003118705074162663,0.0035954215680872835,0.00300107359965193,0.0033529644894223494,0.00362233542612353,78183944,78227497,SNW1|Bx42|NCOA-62|PRPF45|Prp45|SKIIP|SKIP|-|14q24.3|protein-coding,1,0.0033047009165653694
640,0.003915115868965374,0.003425454720005367,0.003728342598445334,0.0028919999552338687,0.0038396056480157104,0.004342396467469274,0.0034853183209864473,0.004958910859780601,0.003021744008025313,0.0029638146746940198,0.0036824809035660732,0.0029062266244295736,0.0026991151146732654,0.0030152439383924422,0.0024166280557761897,0.0027365923523000124,0.0024652204465543397,0.002741936272472583,0.0033208201518609716,0.0023260237906793596,0.003160172515962076,0.0020909771836905107,0.004026887945452206,0.003095126571745039,0.003827835508358864,0.004044897385563453,0.0024177869476698123,0.0037906486289016822,35030618,35099366,SNX6|MSTP010|TFAF2|-|14q13.1|protein-coding,1,0.003262047266416778
647,0.004921189394410904,0.0032353283922657477,0.003289612360090736,0.0033094576138222712,0.003628578171508653,0.0053427562531696135,0.0036467687879067996,0.004081218835026853,0.0036059948767596986,0.004283005388039169,0.004719802921075265,0.003949184961318923,0.0045709879212277515,0.0042013057996721625,0.003555189671402936,0.003393006777678134,0.003295098216297325,0.003186865303847414,0.0042153447023958466,0.003327910489381404,0.003611444031965998,0.0037607379383237916,0.004349800591792101,0.003737261576182899,0.004236830050558008,0.004144877556376816,0.0033090897631243617,0.004449735278867485,35452104,35498773,SRP54|-|-|14q13.2|protein-coding,1,0.003905656558017467
648,0.006411692703470882,0.006755629402002819,0.00685211785419288,0.0072703163738462775,0.006503827538917312,0.008696117247842684,0.008260330474335869,0.008263963317269191,0.00855832849551503,0.006971761002995398,0.007455062455072262,0.0075626402534225605,0.009167043791186375,0.0072773001196306045,0.006868027057041157,0.008677909025250933,0.00829494822877501,0.008188230823873063,0.008679416306000267,0.007831943142339886,0.007595174345595887,0.0078993649158647,0.009586903383507012,0.007860879665665108,0.007877409131855397,0.005930787796258637,0.008712362528177541,0.007586099346327706,70233804,70238722,SRSF5|HRS|SFRS5|SRP40|-|14q24.1|protein-coding,1,0.0077712709545083025
649,0.0014059614945748013,0.003785176623743901,0.0034031848437387586,0.0029288106596249003,0.00570363492022067,0.005625454763258417,0.0042668506285236125,0.00404223523015682,0.0014462096276276284,0.002977940769816213,0.0016235278657399826,0.0023610267429076326,2.347633293843577e-05,0.0020662276836153483,0.0013516109934398261,0.0014244989798915316,0.004753008845434348,0.0019495854197385046,0.0044276362727846295,0.002335332081127913,0.002648867134243991,0.0012804767443878773,0.0016507140100347356,0.0035705574275109275,0.0025590075556618497,0.006573150767915734,0.0014620083288484232,0.0042640145051885976,38677204,38682268,SSTR1|SRIF-2|SS-1-R|SS1-R|SS1R|-|14q21.1|protein-coding,1,0.002925363830453429
654,0.003892294765668762,0.0032736428233311465,0.003234421984547493,0.00310329070168349,0.003930667371588237,0.003462374561063492,0.0053835072491005,0.0035159565644113625,0.00483600321913442,0.0038008524432081004,0.004822407332402988,0.004219400280130326,0.003530867000870614,0.003698983526998006,0.004601590768687672,0.0035071285013059646,0.0023974069391248516,0.0031554338966074337,0.004014206804706998,0.002849779006763456,0.00396948498956212,0.0032971216170682885,0.0033608645310690853,0.0039418843690937405,0.003753104732421487,0.0034536154254387287,0.0034652125201542565,0.003617413285386081,21819631,21852425,SUPT16H|CDC68|FACTP140|SPT16|SPT16/CDC68|-|14q11.2|protein-coding,1,0.0037174613289831827
674,0.001850584012779818,0.0023603135363872876,0.0022481766230325797,0.0025097349480962326,0.002080528870775697,0.001996353571244868,0.002219689266421537,0.002407447943916335,0.0020532315533090865,0.002306951251512059,0.0018576669644687176,0.0022126781563609164,0.0025430041323651355,0.002372242840954667,0.0023402106683729005,0.002487878091031626,0.0025754772315749897,0.0023530249935565617,0.0024717778000025036,0.002427366164154455,0.0024046615787965474,0.0029160525859363,0.0021319953685835584,0.002271809390834912,0.0023383738362276886,0.0021953283976412896,0.0024719065339155535,0.002096952006366609,24708851,24711880,TINF2|DKCA3|TIN2|-|14q12|protein-coding,1,0.0023036220828078725
675,0.0030502479201676316,0.00465484191754908,0.0037243529327434127,0.004211387290275057,0.003953117103131541,0.003399203996309093,0.002917058515098802,0.0035705055654705106,0.0029623412507720813,0.0033954601662108336,0.0034303216752493153,0.0036207346643707364,0.0025993738583472556,0.0033450827747772516,0.0034465965419351046,0.0035785924807635637,0.00437117890830784,0.00452123331254204,0.003456894958800192,0.004177718076529617,0.003094033511361727,0.0038247352756105614,0.0034596680818216904,0.004053158354187438,0.0038846505317726666,0.0036059600502852773,0.004013646598879101,0.0033351705323679376,24658349,24664942,TM9SF1|HMP70|MP70|-|14q12|protein-coding,1,0.0036306166730584776
676,0.01025899358934462,0.01278299544824559,0.008391330881994067,0.007879243630366054,0.010963326399172503,0.011818216671762607,0.008908551552483752,0.010159716390067706,0.006957671699029,0.008865857134804127,0.009068170517989239,0.007801980993307998,0.00574904887692937,0.008912200094127356,0.00776745396110964,0.008076410316505751,0.0103421183471758,0.008774251949969582,0.009686716880501161,0.007000489930724031,0.0090646049612648,0.006709517941050634,0.010087225009648785,0.009328400140698852,0.009798444102790769,0.010531672473174448,0.008015934766076998,0.010146452895293222,75598171,75643349,TMED10|P24(DELTA)|S31I125|S31III125|TMP21|Tmp-21-I|p23|p24d1|-|14q24.3|protein-coding,1,0.009065964198414586
715,0.005785279351050808,0.00640053414654388,0.006145016102955717,0.006119476220082707,0.006599940452087082,0.006878087495461747,0.00439354086084676,0.005405399341457535,0.006704962469214212,0.006000258800723843,0.005527398932816054,0.005957287655690713,0.00573618331594051,0.005098029078944406,0.005751528807401525,0.0064489193126317425,0.006995641426426015,0.006784154938677325,0.00751435322764361,0.006452874026447868,0.00533500105377241,0.005721865452157087,0.006157468159011964,0.006029202319959174,0.00622756466144811,0.005422287877436375,0.007030535139145799,0.005814608889698308,68117867,68141602,VTI1B|VTI1|VTI1-LIKE|VTI1L|VTI2|v-SNARE|vti1-rp1|-|14q24.1|protein-coding,1,0.006087049982702619
716,0.004501203294537457,0.0037832970478803157,0.00656193616880648,0.0051389361382820405,0.005856293094715137,0.004006487330481516,0.006109652369642117,0.007388655182021884,0.0035243160855365054,0.004203046359045625,0.0036898360584999607,0.005466934079008801,0.008612763591470425,0.0035655709243432613,0.0043278671344100265,0.004627139445223779,0.004619296564902792,0.00452235087368835,0.005265401022246497,0.004879248529912846,0.00489937395616434,0.004484186098956844,0.00437179981988936,0.006088769062908961,0.005581738596163354,0.004001131996285718,0.003675788934949928,0.005252404375711085,100800125,100842680,WARS|GAMMA-2|IFI53|IFP53|-|14q32.2|protein-coding,1,0.004964479433417337
731,0.006254797618306674,0.005406672262983315,0.007463866595154126,0.0072138193586820205,0.005038000379961706,0.0036435635675296746,0.006199035830034931,0.009866638209569971,0.003909320205984011,0.00480727008814017,0.0037548065937492952,0.004033274261645741,0.002542340959118287,0.00433781548060282,0.0037487037772482574,0.005433591453545471,0.0055934176539781475,0.004087200502343735,0.004212370389675864,0.003911317425945666,0.0038403867401979766,0.005843367643237766,0.006646082593593207,0.006569715357836866,0.006712639796555586,0.00564047310257465,0.005384564759931195,0.004803048942045875,69254372,69262960,ZFP36L1|BRF1|Berg36|ERF-1|ERF1|RNF162B|TIS11B|cMG1|-|14q24.1|protein-coding,1,0.005246360769649035
733,0.002779636314599282,0.0033171622337110898,0.003436565046778166,0.0030040501213472286,0.002357081501224773,0.003344628994361447,0.0030208299114237924,0.003051518797038873,0.0026852521393346124,0.0026409134626084263,0.0024697384408836776,0.0027770805198977875,0.002387821592602594,0.0023603310014319225,0.002444781830082664,0.0033080590285115533,0.003059426332830609,0.002965588196877953,0.003283765172557851,0.002697962100574374,0.002720856896943602,0.002949442501042441,0.003130451563103049,0.0029452445125172197,0.0030001522838964505,0.0031487978314955504,0.003170561439483,0.003043083497874896,104182081,104200005,ZFYVE21|HCVP7TP1|ZF21|-|14q32.33|protein-coding,1,0.002910742259465531
736,0.0021084884131034624,0.0020864737913387408,0.0018058556855462525,0.0018871890793292255,0.0025254544877995532,0.002031554447501099,0.0024763802296008993,0.00185971427261291,0.002194436857529788,0.002361723186372636,0.0026313066775980614,0.0022269858880583156,0.00201312870813321,0.002360688356617605,0.002470752250463331,0.0022479895699363908,0.002074295521372584,0.0019331013928304262,0.0021947949279540906,0.002159654486746764,0.00212802247301624,0.0022299693303029773,0.0018436896950984175,0.0023210346853559157,0.0022033921391322615,0.0021560550571163998,0.0019506436054869244,0.00233537570160014,74353318,74398991,ZNF410|APA-1|APA1|-|14q24.3|protein-coding,1,0.0021720768184840937
