,107_31YR_F,108_31YR_F,109_32YR_M,110_32YR_F,111_33YR_M,112_33YR_M,114_37YR_F,115_37YR_F,117_37YR_M,118_39YR_M,155_22YR_M,156_25YR_F,157_29YR_M,158_24YR_M,159_23YR_M,160_26YR_F,162_21YR_M,16_24YR_F,17_25YR_M,18_25YR_F,19_26YR_M,20_26YR_F,21_28YR_M,22_29YR_M,23_29YR_M,24_30YR_M,25_30YR_F,26_30YR_M,27_30YR_M,StartPos,EndPos,Gene_ID,labels,mean_value
52,0.005882120057405849,0.004764324546968013,0.0038812854441653117,0.005010937340222133,0.0059135016840677675,0.006233059976848383,0.004466694838938226,0.005017577449551357,0.005221122708027439,0.0063925421965554275,0.005047152258913588,0.006173846286704462,0.007781750430659861,0.005553125302490359,0.0050800082540754495,0.005322678812940262,0.004766777380010497,0.004705216089067476,0.004835025623493928,0.004229310368479091,0.005993921352090006,0.004091340341550508,0.003906796258909793,0.004688373192996624,0.003663023044038817,0.0051915927070198655,0.0040697504610830455,0.004031712826175565,0.003959491601733321,153656978,153664863,ATP6AP1|16A|ATP6IP1|ATP6S1|Ac45|CF2|VATPS1|XAP-3|XAP3|-|Xq28|protein-coding,1,0.005030139959833877
53,0.007217597862126986,0.01018620489460046,0.010468030428561497,0.00969375953104213,0.00827451238625771,0.00884858360984699,0.007312279132477582,0.008387038495068853,0.008775365991878182,0.008923099306625687,0.006081244553886284,0.008076694540802521,0.008680749634394502,0.008600156171355828,0.008913077302506348,0.010374577341721232,0.0072064203294766455,0.005727898792289518,0.008129148065615441,0.008692225100082896,0.008028002234636154,0.008474812051144507,0.008214459257889887,0.007732817658406874,0.00672556312353499,0.00637144025016295,0.007608944023186873,0.009020227849061752,0.006457556371905779,40440216,40465888,ATP6AP2|APT6M8-9|ATP6IP2|ATP6M8-9|ELDF10|HT028|M8-9|MRXE|MRXSH|MSTP009|PRR|RENR|XMRE|XPDS|-|Xp11.4|protein-coding,1,0.008179396078984382
59,0.009783342406096898,0.00762338781693391,0.006367534046912603,0.008298663274659992,0.008635283975109797,0.008416181152991862,0.008285401022580173,0.008176547400851907,0.008689159141371222,0.009500911233538719,0.009694537287365681,0.010787598926147932,0.012279036362784743,0.009511598469822474,0.008169769117619472,0.009931584899568208,0.008963962023234136,0.00804003328300697,0.009416457261875351,0.007305318098951122,0.009443471995674014,0.00827255186107397,0.007518068566547188,0.009009530320903649,0.007580784776015623,0.009332157235842515,0.008778402672606555,0.0077780711788631015,0.007496159010849904,152965947,152989582,BCAP31|6C6-AG|BAP31|CDM|DDCH|DXS1357E|-|Xq28|protein-coding,1,0.008727086373096542
66,0.0074690948681150095,0.007960737902197866,0.0074754676096422485,0.008302001067486832,0.009950757596985679,0.00861715539431685,0.007890051685587547,0.008134427801501231,0.008046079537837276,0.006927324311178288,0.009108350643583653,0.010260726498976346,0.011577594237745062,0.009339999109595891,0.007258068965669446,0.010557456601818208,0.009366211801938007,0.0062480985066225925,0.007640363594925042,0.006932732657379298,0.008986806573451009,0.009040560123617905,0.007058617783273106,0.007903688964743168,0.006372411415294673,0.009404523110406914,0.008781409269079218,0.008104499402322895,0.006675741514097347,102631251,102633092,BEX3|Bex|DXS6984E|HGR74|NADE|NGFRAP1|-|Xq22.2|protein-coding,1,0.008323826156875469
69,0.027147622111149603,0.02239438056539789,0.026914698801521995,0.04018287868043496,0.05373943838254772,0.03519182100803095,0.03399311050301173,0.04377894052103227,0.03407424578352894,0.041393609621180744,0.03061613955442537,0.004317300144666834,0.02194424060745159,0.03539653849558044,0.047571723832760066,0.015227698525539813,0.03562006000454342,0.02209845856343015,0.025829571533258967,0.03791479919186708,0.05657524742568007,0.02448379116260078,0.029145886960786772,0.04660268532120084,0.0271945093423105,0.052676376869717816,0.04718230368857845,0.04055427512343473,0.040760190125085236,152760347,152775012,BGN|DSPG1|MRLS|PG-S1|PGI|SEMDX|SLRR1A|-|Xq28|protein-coding,1,0.03450077732588813
86,0.004704904241104568,0.0036678302830908172,0.0023500070405180215,0.003095448838564413,0.003313844662261751,0.0033861081283196345,0.004722701361013862,0.0038376941550503697,0.0034020192913198676,0.003295227779856627,0.004307712845898726,0.003888980821109955,0.0035634175917396583,0.003922559493179431,0.0029054786977540745,0.0029905836156183608,0.003322673257244021,0.005062197924740164,0.0034078706256857124,0.003725654154798286,0.004112670020193878,0.0040646191783892845,0.00401289847048997,0.004100282377937348,0.0029830785401318296,0.004552056756737856,0.0045101094658824325,0.003633945984343767,0.003702322668733119,47082417,47089394,CDK16|PCTAIRE|PCTAIRE1|PCTGAIRE|PCTK1|-|Xp11.3|protein-coding,1,0.0037429275266106137
90,0.004541594496956501,0.0044844773171467765,0.0045216481994320625,0.004406796838564008,0.0051446729097664725,0.004891765806079867,0.004410640799675244,0.004132638253041511,0.004434471844169634,0.004268272098661416,0.004009420990451646,0.005807891049841397,0.004921024007660802,0.005467059988692506,0.004007640537221135,0.005446068465153758,0.004048348308357552,0.004852142725940178,0.004426405549081406,0.005049879487984895,0.004961758828963141,0.005172396538058142,0.007242289607613843,0.005655316094619933,0.0027534481594263995,0.004316816988020813,0.005149655486995611,0.005651964173745853,0.00577694281460488,151995871,151999301,CETN2|CALT|CEN2|-|Xq28|protein-coding,1,0.004825980978135428
109,0.008041470777453357,0.009636307217737117,0.008380363780505067,0.009274613668180708,0.009198040951895255,0.00911739215472642,0.008603601779032403,0.009163792324718593,0.009267076193716514,0.008508729346284433,0.01079953758004312,0.009601689799049825,0.007953077591635571,0.009296222678380192,0.009165334207294264,0.0096184439118643,0.008286169187745288,0.008719988987120552,0.007947712434610388,0.008940648771284105,0.009432532617311695,0.010891325930136668,0.01108355852931052,0.010525672470315828,0.009308736555752083,0.012164257562107204,0.008866775133213699,0.010837633196496497,0.012339248735818743,77154961,77160881,COX7B|APLCC|LSDMCA2|-|Xq21.1|protein-coding,1,0.009481722554266915
140,0.006097293017271243,0.008168387102407687,0.005271113855638953,0.006075086380561179,0.0049222554739207685,0.005515467595487228,0.007518074704188674,0.00453758506101195,0.005029160241656923,0.005060163285062283,0.00487539271022116,0.006565976593340447,0.004502386193903626,0.005326699149770329,0.005059814459860144,0.008262285988699847,0.004892602834157156,0.005946710533550387,0.005842019369215374,0.006532310947934062,0.005877556395981044,0.007730522573878512,0.005878583268592541,0.005400686399472165,0.005506992519263652,0.00531777690006283,0.007904127369734913,0.00619435385100454,0.005523186255866441,41193415,41209540,DDX3X|CAP-Rf|DBX|DDX14|DDX3|HLP2|MRX102|-|Xp11.4|protein-coding,1,0.005908088656266072
164,0.004393526995595586,0.0037924198032167097,0.0035191624990850985,0.004342468467719447,0.004274501177819997,0.00393922706054393,0.004158793764612056,0.00505403121447161,0.004808996277722793,0.00441245762989892,0.005120035699369636,0.004138437167885212,0.0037527517994035823,0.004211462688508273,0.003908988886792265,0.003504963587231561,0.0041169892759503985,0.004364525495182476,0.0035348235801024273,0.003765506077868855,0.004342396965802538,0.0035115811722884528,0.004222607647365719,0.004340969813120253,0.0035801944902946296,0.004562192033287492,0.004273232615214924,0.00379164756647219,0.004341677519050873,153607597,153609883,EMD|EDMD|LEMD5|STA|-|Xq28|protein-coding,1,0.004140709274892341
178,0.01239738704409363,0.012592592908108945,0.011892581706330995,0.013635187133354834,0.015914346987078543,0.01173632399422452,0.010426744550750152,0.015028679277958888,0.014811447885181447,0.01674513465953909,0.01204957695893481,0.013385276305127149,0.014343497426449543,0.013427995261520083,0.012156333071807145,0.01420293874560213,0.011431315948204955,0.014352380374429754,0.01440838051699485,0.013856353442900754,0.015749701875127427,0.010385024939752284,0.013543437410055864,0.014259472586319624,0.0094421665256048,0.015296159368710111,0.012959719338514414,0.012075682491697968,0.012934242720733569,134166333,134167575,FAM127A|CXX1|MAR8C|MART8C|Mar8|Mart8|-|Xq26.3|protein-coding,1,0.013291037291555457
179,0.0026801603404760727,0.002710727200277547,0.0024230164357032574,0.0031913345234081936,0.0038625910919073215,0.0022080780430913842,0.002593440152260994,0.0030827484428309288,0.003141796381982875,0.0027846945097287786,0.0038251849612246577,0.003402759070479647,0.002751539186143942,0.003313939595112638,0.003528837951974081,0.002731906389614674,0.003056334552746814,0.0034791983242828694,0.002743888998408773,0.003469119916338998,0.003259291259125667,0.003072733605015172,0.004265894745955179,0.0039835028471038305,0.002918528064449658,0.004534522728306987,0.0033536436083624614,0.004054087211028604,0.0044593527284413955,134184963,134186221,FAM127B|CXX1b|MAR8A|-|Xq26.3|protein-coding,1,0.0032718225126132203
191,0.005956648686098877,0.004758893721731756,0.004426251693082392,0.005228399600152648,0.004751326798814148,0.004958060919602278,0.004963060289090291,0.005458871119905626,0.0062826313492760815,0.0059275349432981175,0.005403979602201974,0.004710025339252204,0.004830572426319433,0.00503577713843882,0.004462166429968915,0.0050779508743023566,0.004735051740210094,0.005312064845658811,0.005999852772003722,0.004197268621286674,0.005497144875871839,0.004446521645142953,0.005422712621292024,0.005244386327234485,0.004608480681899297,0.005838121998121123,0.005193788028076457,0.005210961805627991,0.004687568182856936,153672473,153679002,FAM50A|9F|DXS9928E|HXC-26|HXC26|XAP5|-|Xq28|protein-coding,1,0.005125037071614424
202,0.00429069134458356,0.004146914258344144,0.0012290980909093984,0.0024162585709209664,0.005816595399683549,0.007363924881809447,0.00288093993314516,0.0036186508579195806,0.002931567036508655,0.009138486101846097,0.00655659846225298,0.00624721580046189,0.0026315269038808833,0.006473280385810615,0.014124621090486957,0.020851312699738923,0.005239430661851681,0.0018959950833032282,0.001376103482150061,0.0028972748594143305,0.001408927583781964,0.004279589434832387,0.009239354547049333,0.002829964285800395,0.004713627730961314,0.0028979796238373197,0.0041350365559179696,0.0030006536130686295,0.003384661646547102,135278913,135293518,FHL1|FHL-1|FHL1A|FHL1B|FLH1A|KYOT|RBMX1A|RBMX1B|SLIM|SLIM-1|SLIM1|SLIMMER|XMPMA|-|Xq26.3|protein-coding,1,0.005104009687131672
205,0.03651734547434057,0.041610450526353454,0.02750233762559741,0.03855798044518671,0.05385864478779626,0.03193401536309548,0.04147038262031639,0.041139944506893344,0.05272291334288695,0.052814339910792776,0.05566797673177968,0.044749553660528976,0.041577334020307374,0.043566793111842306,0.041734834515718605,0.03479588192420573,0.04357467667264624,0.04919771743411312,0.0408796831187714,0.03379893663454114,0.04409663417850041,0.03058082000944748,0.026451997374132997,0.036780415590465715,0.04600534527962863,0.04204082306959216,0.037018933826529696,0.025520417923244186,0.028215992122999346,153576900,153603006,FLNA|ABP-280|ABPX|CSBS|CVD1|FLN|FLN-A|FLN1|FMD|MNS|NHBP|OPD|OPD1|OPD2|XLVD|XMVD|-|Xq28|protein-coding,1,0.04015114213111223
227,0.006578116494284159,0.005657855028486276,0.005441255900488652,0.004950958214576181,0.005287580490593319,0.005298551743116221,0.005234714405165133,0.005713406059128861,0.006041957205295686,0.007510722981675956,0.005581145625792711,0.005636563320418646,0.005098700474116172,0.005159137421549076,0.0051643145862092935,0.005617972918279127,0.005911348378858974,0.005099565960590672,0.005829750369525635,0.004987798602799587,0.004717124299115637,0.004604246563278116,0.005279615671318348,0.005207591340409921,0.005388954615147371,0.005767985884397644,0.004921154155073374,0.004724454046094044,0.0050046087733589956,153665259,153671814,GDI1|1A|GDIL|MRX41|MRX48|OPHN2|RABGD1A|RABGDIA|XAP-4|-|Xq28|protein-coding,1,0.005428177638935994
265,0.0030462710941752858,0.0037798543644347823,0.003466255815965885,0.003121443164518898,0.003360546486061374,0.003320802494103528,0.003376711170866874,0.003452417413781768,0.0038476884119085096,0.002889653968989056,0.003794097730559382,0.0038993913602241854,0.003455895746485764,0.0038701765305839473,0.0036001231490401324,0.003923031935047195,0.0032951581190220672,0.0034003894421349343,0.003333944703826347,0.0035372086291228836,0.003567524331805074,0.004258272551861074,0.0042713191943999735,0.003800366545159347,0.0033372884528915254,0.0035529211944747745,0.0037527692901082117,0.004059599740630078,0.0038007644959209726,100663121,100669128,HNRNPH2|FTP3|HNRPH'|HNRPH2|MRXSB|hnRNPH'|-|Xq22.1|protein-coding,1,0.0035921340526932355
290,0.003523828376305241,0.002830311842244537,0.002434529807159252,0.0030256586249122943,0.0029698857299775274,0.0029396330768859504,0.003169826209700142,0.0031130018606386465,0.003045120793743968,0.003295227779856627,0.004177437594983706,0.002545624683408069,0.0031762140444555474,0.003309795709633482,0.0023787848191220884,0.0030798180274435824,0.003546221515467229,0.004219737083794408,0.004170420148775137,0.0028795517679985247,0.004377360077038963,0.003643485640627377,0.002014857130334416,0.0032862850198383683,0.00347600944534114,0.004606685897340392,0.0037875599064347183,0.0030018425900414964,0.003277533775783849,153275957,153285342,IRAK1|IRAK|pelle|-|Xq28|protein-coding,1,0.0032862844475616097
313,0.003276983223635374,0.004362336992715666,0.003658419468124272,0.002724043527650528,0.0031517893336770594,0.0031984368865571873,0.004093034255653363,0.003367750604934728,0.0036465390940589384,0.003694620512715666,0.0032709173134768763,0.003346046419304986,0.002922762260144577,0.003568310411448515,0.003478187943532413,0.0033627013697584782,0.003205464643536978,0.003052978711012513,0.0027763290653850343,0.0035916795993499923,0.0036546103634737164,0.0034781546985212285,0.004316342116491767,0.003808543208898139,0.003022039706527179,0.0033074447964426,0.003404111477724986,0.004093323451133208,0.003085820385441116,119570349,119603204,LAMP2|CD107b|LAMP-2|LAMPB|LGP110|-|Xq24|protein-coding,1,0.0034455076497009324
383,0.01612164101548968,0.01814939199249311,0.014837994527859024,0.01525239833057763,0.023317636850354283,0.021471151236085034,0.014405888090586499,0.01914335790488133,0.018428289947715063,0.021980032265227205,0.01526684540611308,0.017287741253089822,0.021731695004345634,0.017209450141460567,0.015834362334049494,0.01732306611080124,0.014406867621830374,0.01766948084292514,0.013447447507396751,0.01517176729560945,0.01895783545308814,0.014945636944460012,0.02134726592067482,0.015957388260386486,0.013156079586984703,0.015372072590066885,0.014599817714351001,0.01640485573872166,0.014606719730120494,51546155,51645450,MAGED1|DLXIN-1|NRAGE|-|Xp11.22|protein-coding,1,0.017027730262680847
384,0.01280417677042609,0.013755428429283949,0.011956453505122583,0.01175277312425399,0.016518551832486163,0.013024845935323456,0.010405848080282856,0.013264466719369617,0.013652409064858637,0.014605055265969408,0.012567558842461248,0.013026757167631391,0.014375035779897684,0.013170436840969472,0.012094648203138535,0.013785383239233766,0.010188532552073134,0.012523383022978389,0.01188554146214868,0.012764130385479239,0.01340266897237303,0.010782139454447923,0.014898356142596597,0.01294208626317347,0.011867282682790883,0.0108374485089944,0.013246097652535377,0.014342088779613496,0.011730398443295546,54834771,54842448,MAGED2|11B6|BARTS5|BCG-1|BCG1|HCA10|MAGE-D2|-|Xp11.21|protein-coding,1,0.012833447693903759
442,0.01585114069381897,0.021203858484194916,0.017376601557941913,0.01713299172540929,0.014910491284505644,0.01824753759828965,0.017847962628791833,0.016560699527437335,0.01567543921963038,0.014618606090834268,0.01618968908298596,0.01554789229712313,0.013413272130191991,0.015439373521018054,0.015962587409886573,0.016691245447762897,0.01583080050447684,0.014064534496093562,0.015448126253413484,0.014083349195667033,0.01675430145473355,0.017113854172504623,0.01574218334266881,0.015059213197386862,0.018227861447550675,0.015923938398194545,0.016250761313178257,0.016658432100389434,0.014152460332183264,102930426,102943086,MORF4L2|MORFL2|MRGX|-|Xq22.2|protein-coding,1,0.016137213962353923
448,0.024543870935814324,0.02422840219371264,0.020963382270339996,0.020795865344536583,0.027943335743147446,0.020677918658864147,0.023461091316684626,0.020227670331820127,0.024787193529038198,0.025693314878853245,0.024684508796282676,0.019892259843486963,0.018980572166101998,0.02349455562512797,0.018515943717798897,0.01569428167426732,0.024534396860336684,0.03119793166394263,0.0361209748323306,0.024795506064851893,0.02849761687787353,0.02129526585055364,0.023529521530015588,0.02747652537496555,0.02479642550057403,0.029765888287562933,0.024474983828806113,0.023610812816004408,0.027087737105723427,64887511,64961793,MSN|HEL70|IMD50|-|Xq12|protein-coding,1,0.024198888055842013
455,0.003546493789280942,0.0029086861044775774,0.001115791895628181,0.0044108426480510875,0.009557761749711851,0.007446051664232732,0.0025714542923380573,0.005531885552282556,0.007151750228736578,0.015064000308102964,0.004294508570666318,0.006350032267713855,0.006896282533685148,0.009974544855275864,0.00607193183987535,0.006308052369727504,0.0021180781312423137,0.00888096682003513,0.0027256934480214467,0.009744596234433843,0.0036956866567361426,0.004884868816102353,0.007476517291460064,0.006831812211805363,0.0001611356881782971,0.0040404279965122495,0.004854686897338475,0.004602205595520195,0.005947975148815711,3226606,3264684,MXRA5|-|-|Xp22.33|protein-coding,1,0.0056953352277926955
456,0.005120106893650715,0.00530612922936164,0.0035733484456994227,0.006529531931197367,0.003427096584975837,0.0038489645593799177,0.003926951881370639,0.00375270663859406,0.004099151765184076,0.004073211540738296,0.004404925423397164,0.004946989039090384,0.0033576376420136676,0.003857107353303533,0.0028425799944605,0.003591531223530971,0.002871855832425954,0.005686050664947397,0.004814854556207406,0.0034828377893557512,0.004130795068656933,0.003418607537169438,0.0021836659659364164,0.0032929940772650694,0.0031524874636434607,0.004157895851722527,0.00376157432263529,0.0031472220471783904,0.0031623402931291542,153195280,153200607,NAA10|ARD1|ARD1A|ARD1P|DXS707|MCOPS1|NATD|OGDNS|TE2|-|Xq28|protein-coding,1,0.003928315572973151
462,0.008880091057554313,0.008753318926383353,0.008592356016837667,0.009440491857150962,0.008299964880228503,0.007278829661467247,0.006933765814344865,0.0075084065482079665,0.007498179988580529,0.008585041886312858,0.009979105014224748,0.009186854602345662,0.010746459741760217,0.00930982312302973,0.009648771433836632,0.009652086310805304,0.007984677691000102,0.008004396191596406,0.009352720848232889,0.0076902195871000325,0.006369935671092789,0.007043178197132129,0.007597699469716768,0.008762553144383213,0.006954712502186155,0.008485456232885952,0.006600445663500005,0.009516247424378633,0.009807990870554582,119005734,119010629,NDUFA1|CI-MWFE|MWFE|ZNF183|-|Xq24|protein-coding,1,0.008429785529545871
463,0.0034408868213985254,0.0027561970507850313,0.0030031624307358773,0.0039871452495167025,0.004030250639347969,0.003723960340350098,0.0031853747682942914,0.00397388798645331,0.0035104455035436144,0.0035774177643231025,0.0040339580688362785,0.0031529061317381343,0.003855173382878734,0.003558747598804309,0.003041538524352281,0.0030492526771862074,0.003455450934927188,0.0035666619286305132,0.002928027968328513,0.0029804832716546384,0.0033832708805652616,0.0029342239053330235,0.002260367666945809,0.003146023788011396,0.0027042897494806623,0.003400081224106269,0.0029649336358255726,0.0024596690904142406,0.0024744883661820894,47001615,47004609,NDUFB11|CI-ESSS|ESSS|NP17.3|Np15|P17.3|-|Xp11.3|protein-coding,1,0.0032599405982396425
473,0.007015984559806007,0.0060406749642577156,0.00549818312602107,0.006327646037792108,0.007652911111484726,0.007867020137992784,0.007154119590599521,0.007574793023326668,0.007396376855330056,0.006299350558888318,0.009040041912656942,0.006720250868214175,0.005825539821074491,0.007777966790901771,0.005983432260855267,0.004940714503012534,0.006931758540463899,0.00811863852463256,0.006619957129203795,0.00678343814155463,0.008629882542178544,0.008101516400989583,0.00918196388250341,0.008625331954202715,0.00728304450442647,0.009970476952938567,0.008426953020641573,0.008704608507173476,0.009769937727271883,70503042,70521018,NONO|MRXS34|NMT55|NRB54|P54|P54NRB|PPP1R114|-|Xq13.1|protein-coding,1,0.007457328067255008
510,0.0034184193596278516,0.003494256849069274,0.0027261105080805138,0.0030920099005003953,0.0038056148668717815,0.002894336913086227,0.0030005747024555536,0.003417246479298591,0.0034920718005855013,0.0035135862471965245,0.003790562727741257,0.003323341529236809,0.0033160028519831175,0.003762435508125894,0.0030284070406822188,0.003582915487216812,0.0030988312430967357,0.003092790433131172,0.003641293543511695,0.003308210267157079,0.0033775866937691555,0.0028696727808424274,0.004516395775135782,0.0038219613237515412,0.002607993138217095,0.003646267091496919,0.003423869111688187,0.0037236597013873525,0.0034682131133199866,69506211,69509798,PDZD11|AIPP1|PDZK11|PISP|-|Xq13.1|protein-coding,1,0.0033880909306297736
514,0.026971544514277232,0.03259645198862977,0.04578566287368087,0.03188027074152506,0.03993519654929565,0.02694264197351428,0.037195816467191216,0.03350272040229562,0.03186833319001133,0.04887675548558786,0.03971794004572839,0.028945661249187356,0.03178045975216892,0.02944294385024551,0.042656024647463806,0.04989906254634805,0.04036118270051779,0.04084244862251441,0.04014583057800713,0.03612556800255052,0.03803289385274503,0.03802121280053802,0.04770162322280151,0.03971604753073665,0.04034087268779908,0.03860516702479667,0.04519097041766779,0.0261050703274475,0.03499172654349444,77359666,77382324,PGK1|HEL-S-68p|MIG10|PGKA|-|Xq21.1|protein-coding,1,0.037385451744440246
515,0.006082149750086603,0.00907629329778663,0.009626183672814839,0.009183987535670131,0.007735223075931562,0.00901899393482168,0.010004457583581676,0.008203914450176202,0.008297756538821659,0.009266268002984033,0.00679593894717427,0.010159992139547228,0.008496932036409624,0.009130148498792484,0.008749982068352131,0.009353715156782811,0.0072164080308952895,0.006725431891001818,0.007001647789043076,0.0073125274920694166,0.010206869007271791,0.01117024683549371,0.010020800590006408,0.008502367511053958,0.006000212025705521,0.008365454558538267,0.008770134532306737,0.010935237397087287,0.007378483801459381,118370208,118378429,PGRMC1|HPR6.6|MPR|-|Xq24|protein-coding,1,0.008578888212126424
532,0.014129460088088287,0.015079058972159885,0.01238802218279451,0.018054222545617258,0.012835529253088394,0.017826679066674744,0.016885239456220363,0.014353910468056718,0.014285019930660635,0.015458400631801265,0.01615277949473789,0.013917701019826324,0.012002581356981895,0.014911825023479364,0.012500289665080957,0.006298000677360984,0.014227872345425633,0.014205453737557052,0.01699131687540602,0.014322060212250538,0.02018948075811608,0.015999171343704214,0.017689994290225566,0.019430373768927273,0.01893301045910107,0.024853218391189043,0.019051405927461997,0.01566714957146568,0.01608882761781326,49028184,49031468,PLP2|A4|A4LSB|-|Xp11.23|protein-coding,1,0.01568027776314734
534,0.006553966447270748,0.011413464911225175,0.009250171581216283,0.009809065101423892,0.009894248390188135,0.008173758722947224,0.006785113671352396,0.007534811474704454,0.0074054568829547045,0.00953443169504653,0.007591730463936889,0.0072461318154701205,0.0054823650642476865,0.008058794722219952,0.009518118688749628,0.008386188482360614,0.01289049954174076,0.006776443841849511,0.008876725250100439,0.0070284573771166444,0.011940760477699059,0.0072944772259629625,0.007078145797674365,0.008200564755874697,0.02408050204300813,0.006932022396123298,0.010534469769531495,0.011386940557960952,0.009311438712827613,114827819,114885179,PLS3|BMND18|T-plastin|-|Xq23|protein-coding,1,0.009136871236647736
550,0.014399465531746427,0.013856271399847384,0.01572315349051157,0.0168938843847229,0.015592221157420642,0.017650441808007376,0.011074039958211023,0.015027503350058235,0.012383021202932743,0.01554113198360778,0.013790357905519149,0.014493552554830574,0.017344741265801707,0.01615190931648522,0.014918358586610963,0.017163674988989297,0.015854986408892578,0.013496275618486812,0.01565389193465073,0.011794967663368601,0.014882166271472687,0.012637508907054387,0.013181952165694767,0.012346867074598323,0.011610138984581577,0.010761231229341141,0.016976317469098633,0.014312904799370404,0.01235465612263701,23685645,23704514,PRDX4|AOE37-2|AOE372|HEL-S-97n|PRX-4|-|Xp22.11|protein-coding,1,0.01440922736326037
553,0.011332508536645717,0.014930190468624845,0.012068845940764437,0.015861191513145894,0.005602584292121776,0.01203129876964845,0.009052529270161555,0.010546255925741222,0.00824669473641481,0.010898904665430132,0.008748404180161626,0.010981036657689477,0.007906134365876127,0.007305670099751825,0.006674435208266434,0.010248418345692472,0.005868068339378177,0.010465086443365329,0.018141275659885027,0.008061703593612116,0.007005706601796869,0.01368453815421814,0.009457634352467858,0.007548108921128006,0.006472075040938086,0.010783630190515836,0.009328609827103523,0.009439180098773722,0.007207037846125913,106871654,106894256,PRPS1|ARTS|CMTX5|DFN2|DFNX1|PPRibP|PRS-I|PRSI|-|Xq22.3|protein-coding,1,0.009858543380877426
571,0.006317414757262335,0.005964430437411444,0.004295858192545056,0.006315306318856516,0.004264460285703078,0.005029853140381937,0.005842890827627988,0.004974602629909298,0.005037812973863942,0.0036281739241239386,0.005648622591350451,0.005763274453637556,0.004097175599931303,0.005104735642950928,0.004405336899800158,0.003902415708866885,0.005451326601753135,0.006449295342700526,0.004648703187527709,0.0050958393691140184,0.005048630363016836,0.006288780714325746,0.004139830564098158,0.005599232567693602,0.0047320020094341825,0.0057807563328501855,0.006448397784739719,0.004731587907931244,0.005086609160921987,16862775,16888534,RBBP7|RbAp46|-|Xp22.2|protein-coding,1,0.005175632975528616
573,0.005463255307566685,0.008280624157290329,0.007830189101643608,0.0070581169406842845,0.006825471548314906,0.008182993863139401,0.005404857231055247,0.007381513237473829,0.006100496677511068,0.00542817516033954,0.005950137537602293,0.003602046533523472,0.0055359698564120185,0.005724087141873995,0.00496977000040829,0.006161174579228978,0.0049364703854861075,0.005780030766010116,0.005725775795883771,0.005144402642202525,0.005865330031929043,0.005481741539299125,0.00622813472637509,0.005693473858734296,0.004592896215341157,0.005033381040080053,0.0060172733262492195,0.006392156383763287,0.006449800975856316,48432741,48439553,RBM3|IS1-RNPL|RNPL|-|Xp11.23|protein-coding,1,0.005973784364182
576,0.004013757608749443,0.004116352555544031,0.0037652379699660006,0.004334882574931172,0.003570821447719177,0.0038054274699025133,0.004470755290545616,0.003693910243561394,0.003739048551975948,0.002496917781677668,0.005655068772959973,0.003798557852803503,0.0027697544067823076,0.004518428974387282,0.003431841530579253,0.002340813501925515,0.00404061273569017,0.005405943126460357,0.004035045253893432,0.004000312006513285,0.00495854136473893,0.00570852114874981,0.006187017407163549,0.0055161031530158834,0.004098522303969056,0.0063978933219575,0.006026507872558107,0.0062513166568864305,0.0076859077008601066,135955606,135962939,RBMX|HNRNPG|HNRPG|MRXS11|RBMXP1|RBMXRT|RNMX|hnRNP-G|-|Xq26.3|protein-coding,1,0.004511511054705773
592,0.01080467164843866,0.008259433290191994,0.009574099373371054,0.009893723664941026,0.013214397798662835,0.010567419107043301,0.010185197197813023,0.010269057648796305,0.010775963137224322,0.009323442974562963,0.013331743275202985,0.011358195617599284,0.01113012433189173,0.013473684255264623,0.01207588894075273,0.00906139553183812,0.009756417587754687,0.011367213957358489,0.010516924149300833,0.010796767107864836,0.010566688756346048,0.011383115427418515,0.014412542539880818,0.012104292717014157,0.0106984476909304,0.010293285511044463,0.013310524719806685,0.0118649093010534,0.012724123190433442,153626838,153630680,RPL10|AUTSX5|DXS648|DXS648E|L10|NOV|QM|-|Xq28|protein-coding,1,0.011141161739648337
593,0.002764190627010442,0.0034658248816559285,0.003196148466569693,0.0028865839237939414,0.003099366536461982,0.003022529454325251,0.003090894991868699,0.0031528765067244365,0.003525721314723906,0.0026312373614784754,0.003507242648935647,0.003589058146628576,0.0031722587394026453,0.0035593851196472565,0.003305933775389834,0.0036133782691847322,0.0030345966143650563,0.003120383723909067,0.003089084582899759,0.003200670153142529,0.0032478156367259817,0.003894984827983763,0.0038153400581305594,0.003429376635267229,0.003045608807186094,0.0031600778754108973,0.003398849933897829,0.0035899538363476963,0.003400482654488007,100645878,100669128,RPL36A-HNRNPH2|-|-|Xq22.1|protein-coding,1,0.0032762019346053756
595,0.004755282822784184,0.00339000630188701,0.00571483553651443,0.004324161179790413,0.004978647926158814,0.005697092019266702,0.004416979065598974,0.004612096128898802,0.0045182217460252175,0.004251749601677068,0.004744909517963897,0.004751072607759738,0.004000791061010581,0.0046295701080077195,0.004819144158310518,0.005000922088922194,0.004638503959829857,0.004309338913626687,0.004483903488305355,0.002173331633785659,0.002018422556654987,0.0035838384000128104,0.0018060158652098333,0.0022675565812027097,0.004040128654581459,0.0019164794427706036,0.0041607000043810405,0.0018834476138367088,0.0012907047131920117,118920467,118925622,RPL39|L39|RPL39P42|RPL39_23_1806|-|Xq24|protein-coding,1,0.0039026846102746893
597,0.06101271836492305,0.05176375100922836,0.0382978595089072,0.06816865320969744,0.042630942573569384,0.04369573599284848,0.06172262777770792,0.03506584928987318,0.03828214423249998,0.027466927666647805,0.04640595743627871,0.06133512883736189,0.03829453491337362,0.046716996103791375,0.0391861128491016,0.05214346185618655,0.03390991093320382,0.07167627103250224,0.03797983225989983,0.06303793212176144,0.0410980647703433,0.0673599490796711,0.06035132850709306,0.045860705501416604,0.04105092792030297,0.04470336021918144,0.0724642365349577,0.05405305496283853,0.05509681526212309,71492453,71497141,RPS4X|CCG2|DXS306|RPS4|S4|SCAR|SCR10|-|Xq13.1|protein-coding,1,0.04968385485266525
603,0.003941109516504182,0.004379907309656497,0.0059225331025420155,0.0027006789778626452,0.0018551131958805258,0.0030581507093522175,0.002869550861563459,0.003302005545034564,0.0028379893400475686,0.0026376561732565675,0.0016708086849196884,0.0029490578610823605,0.003871827298890954,0.002053242128184829,0.003007882200660105,0.0031021779145446148,0.001515976405524178,0.0035788803599712785,0.007660430687637922,0.007687315803760719,0.00544813217085636,0.0053102056829008575,0.005053199193232632,0.005241870430699472,0.0011634477688527312,0.005148720487214906,0.005781792395372591,0.012231114208696372,0.006819681664775385,23801275,23804340,SAT1|DC21|KFSD|KFSDX|SAT|SSAT|SSAT-1|-|Xp22.11|protein-coding,1,0.0042344985544647655
611,0.002687484535062107,0.00582802088588899,0.005016723172039833,0.004290075234861769,0.00318144499178982,0.0036918572339677694,0.0035648784404775933,0.00309162135335404,0.0041566229988553825,0.0032176077040956294,0.0025456179117345147,0.004487636394173945,0.0039054473918406227,0.00391735307296203,0.003412420176579833,0.005058975740753316,0.0038170644774669625,0.0016999910805451212,0.0027465923373234612,0.0035658459406761067,0.004042743797721028,0.003568826510596392,0.0035018069380214453,0.0038787786538339165,0.004185872277023321,0.0027900389285837,0.004790259830067167,0.0034518163298637183,0.002350298624110017,80457303,80554046,SH3BGRL|HEL-S-115|SH3BGR|-|Xq21.1|protein-coding,1,0.003670473205664468
621,0.01036432919285396,0.00805391382536894,0.007793364588177212,0.009080515958038077,0.007314206134377961,0.010054758884232351,0.009439559633129285,0.009699267129661552,0.009122329870994173,0.006847445764606481,0.013362206681841534,0.007852917523842365,0.0070361754281877955,0.009723574150102372,0.008076414200099533,0.004974459470242991,0.010577465395552144,0.01115013316053756,0.0096445774764456,0.008552743369335905,0.009220394476128721,0.010948571268444608,0.007314326282960712,0.008735402427609531,0.010898159743860636,0.011335800056939986,0.009743198004994387,0.008266524537079923,0.008564542370623969,118602363,118605359,SLC25A5|2F1|AAC2|ANT2|T2|T3|-|Xq24|protein-coding,1,0.009094733689871388
623,0.001567377641411392,0.0014525860205447053,0.0027267501398280693,0.004070488924950537,0.0033710543964162896,0.006199637564724316,0.003050587582009982,0.005531137234527595,0.002924196190554528,0.002831409195447113,0.004935799670142649,0.0017133764422190786,0.0028170098934669815,0.0029101763945795006,0.0022652361073868454,0.002885553687217181,0.0026837541223748013,0.003698213706066084,0.006327372678975591,0.002552025033416037,0.00439001543632086,0.00448245010047958,0.0034632933540634054,0.004080260034679537,7.215030813953601e-06,0.004432663198983148,0.00540532356561725,0.004345710835828113,0.0039037561554578454,48316920,48328644,SLC38A5|JM24|SN2|SNAT5|pp7194|-|Xp11.23|protein-coding,1,0.0034836010461552756
636,0.00527589449200772,0.004133603412176847,0.004310295594847018,0.004114588248359702,0.004447531434997601,0.0035776273451621553,0.004952859642369288,0.004509469693932693,0.004030357202945561,0.003051788399828261,0.005618367126054145,0.0026771940682136196,0.002907877822708656,0.003544403379838,0.0030232206563755555,0.002837038886305308,0.0059471866015964655,0.005896818605575596,0.004930370307523516,0.004106250033168214,0.0064102612227029,0.005000160126820442,0.005419783419131834,0.00467201986551904,0.004561727282224877,0.006116538044939614,0.007217334832622774,0.006761171600614853,0.0051212499299429235,21958691,22012955,SMS|MRSR|SPMSY|SRS|SpS|-|Xp22.11|protein-coding,1,0.004661137561327765
663,0.002808432721334191,0.00224995894935042,0.0029654241576301177,0.003431048735517645,0.0030700611420277192,0.002618052302336941,0.003373145896284777,0.0033529980549083494,0.00390227540151081,0.003465326291976057,0.00161206525573614,0.0010274706365786881,0.0012802697934393983,0.001538550300978903,0.002072346750619883,0.002130548508544246,0.0018056197466648912,0.004625083543524292,0.00321021496119253,0.005591585276456695,0.005639356794581963,0.008118229637873195,0.007635236652954746,0.004387304240973408,0.0016178985097209558,0.0060574493826552386,0.005552968928113996,0.007113324962214853,0.005362804665563541,38008588,38080177,SRPX|DRS|ETX1|HEL-S-83p|SRPX1|-|Xp11.4|protein-coding,1,0.0037108638690091234
664,0.012591280249418517,0.012147265238735883,0.011678761950719665,0.015543696613647342,0.01252356107010691,0.01461746784989335,0.010367323307715188,0.013770757131869088,0.012530544945869682,0.015206878303607894,0.012933951487492797,0.01246557953537863,0.014692501053880626,0.013208369331124821,0.0127297044091991,0.013175307053559727,0.012410894036363068,0.011085273654170332,0.011693292475484873,0.01088498204310396,0.011310137489753716,0.010021837295137748,0.0076394677227416856,0.010710590865639278,0.008945676205193938,0.01102606600558312,0.011116890457664116,0.00999897207536255,0.009177528874373547,153060019,153063967,SSR4|CDG1Y|TRAPD|-|Xq28|protein-coding,1,0.011938088232165214
690,0.005611817686940169,0.007184449353721149,0.004894370756328906,0.0050298514995742285,0.006090735105387337,0.004700356531382491,0.004642086541296428,0.004347191643642533,0.005268125203966798,0.004653876272886035,0.006112227813880438,0.007523151303900194,0.007024829947904469,0.007038230106135533,0.006815350373364495,0.006701299191495202,0.005709929733582961,0.0061852754054788255,0.005226073994960976,0.005147807077841719,0.004957897871894088,0.005329621059879424,0.009464252179570507,0.006937375037253613,0.004724883179031082,0.005429974411467297,0.004487667370782926,0.009052546404960586,0.009972198456241886,102840413,102842664,TCEAL4|NPD017|WEX7|-|Xq22.2|protein-coding,1,0.0060780500522328385
694,0.0030722027020339483,0.0053097497795191444,0.005493705703788183,0.003915635566832575,0.0038381893889720188,0.003583014510274259,0.003383742684626012,0.003231770578604633,0.004305535451899622,0.0029987737692166146,0.0037549007875466427,0.004361321852921291,0.0036369029961435782,0.004342685728681543,0.004037876054242958,0.005330268866359879,0.0038435025106339647,0.0027711402280855306,0.0027897417853848345,0.004233816239178024,0.004913818612022398,0.005331622645134947,0.005803074946241004,0.0043913925728428045,0.0048240658026202305,0.003958129550929207,0.004302976444605178,0.005400549588392385,0.004183467439641822,102507923,102510121,TCEAL8|WEX3|-|Xq22.1|protein-coding,1,0.004184261199564664
695,0.00610392438263968,0.012304972144126009,0.010946200847841021,0.00818406572093847,0.006873924690507014,0.0074979443567411526,0.006487116137532053,0.00659385534910894,0.008131752269072198,0.00802672412850366,0.006609415563182613,0.0071337971410280025,0.007458664460022796,0.007267418849175002,0.00699036325656381,0.0082599269180424,0.007382967639847404,0.006753737923607923,0.008125197031817051,0.005687209865734065,0.00732916900513754,0.008399352287011313,0.009540411435735419,0.007771918883721866,0.00814586598936447,0.006383095818195032,0.006680227848470974,0.011968566475324242,0.009753496287647021,102611380,102613397,TCEAL9|WBP5|WEX6|-|Xq22.2|protein-coding,1,0.007889354576091008
719,0.005900727470678478,0.014275296837193868,0.005645115676030907,0.008168995080599099,0.0028519636248834795,0.005027434413188748,0.00451868842659382,0.004909712790300519,0.007185079271311759,0.005657707114848708,0.0028552425703338197,0.006414974202188334,0.007427334280524807,0.005699436335946709,0.005880366666335621,0.009794963938015112,0.00480388854508566,0.002164698752538888,0.0026488562381001097,0.005234419925721222,0.0039462198709947,0.005377759185274738,0.004045987606003215,0.00444820990292518,0.005241960387364423,0.003863567420721107,0.004826446366184552,0.00427404795100896,0.0031579972713414546,34645181,34675405,TMEM47|BCMP1|TM4SF10|VAB-9|-|Xp21.1|protein-coding,1,0.005387830969732345
740,0.01242698074924531,0.009643228857744112,0.006676202053089985,0.009816954429923697,0.010720403653203465,0.008313605131571613,0.011486126278658497,0.008542795490637209,0.010113762063751409,0.011091231285003325,0.011091799136565165,0.011735652021483783,0.009577563011652539,0.009760019091624177,0.008526415800154266,0.01022800725609107,0.009034953038219605,0.01408489854832817,0.009512841691641358,0.01187246863939026,0.010705254215602063,0.011242203825429741,0.009022919054102038,0.009123479468135277,0.007715176749976865,0.011027383591534573,0.01108317362579213,0.008612516836184159,0.009435835265461006,47050199,47074527,UBA1|A1S9|A1S9T|A1ST|AMCX1|CFAP124|GXP1|POC20|SMAX2|UBA1A|UBE1|UBE1X|-|Xp11.3|protein-coding,1,0.010076684512420582
741,0.004783391893898154,0.005992862404824788,0.0056131340886531435,0.004914141348243759,0.003362414559013359,0.004414397011860449,0.004507596461227293,0.00487732132176434,0.005156173804547599,0.0044779532834124105,0.004109648717412603,0.0044889253180642776,0.004146512826117505,0.004221556768521602,0.004167646010511808,0.004519056265066,0.004452066866681812,0.003927716574750123,0.0047826224383784284,0.0045878775456542325,0.004951355694638193,0.004768176395705399,0.004504787455463922,0.005108003769232324,0.004690347231534957,0.004601415553534582,0.004960991558336132,0.0047591505559386104,0.00435480998969463,118708430,118718392,UBE2A|HHR6A|MRXS30|MRXSN|RAD6A|UBC2|-|Xq24|protein-coding,1,0.004627657024575257
758,0.004850497352402633,0.004317719036362889,0.00484256058477693,0.005201596112300747,0.005344906979307357,0.00542597468933923,0.005551924807566781,0.005567697901984271,0.005498651081778467,0.005684095563269752,0.006117322376765383,0.005323652259042371,0.00516250578983799,0.0052788850865492995,0.005587832521719363,0.005316832420441369,0.005255293481751883,0.004836564225980702,0.005924159282392445,0.005004320128695677,0.0049463150006869286,0.005862142817111152,0.004713194764712922,0.005306549937453764,0.006057547470573739,0.004894527751350045,0.006090934939829414,0.005702441650684834,0.005084851271150776,47511191,47518579,UXT|ART-27|STAP1|-|Xp11.23|protein-coding,1,0.0053362585270972105
