StartPos,EndPos,Gene_ID,WT_1_1,WT_2_1,WT_3_1,HGPS_917_SCR_1,HGPS_478_SCR_1,HGPS_297_SCR_1,HGPS_917_NT_1,HGPS_478_NT_1,HGPS_297_NT_1,WRN_1_NT_1,WRN_2_NT_1,WRN_3_NT_1,WRN_1_L1_ASO_1,WRN_2_L1_ASO_1,WRN_3_L1_ASO_1,HGPS_917_L1_ASO_1,HGPS_478_L1_ASO_1,HGPS_297_L1_ASO_1,WRN_1_SCR_1,WRN_2_SCR_1,WRN_3_SCR_1
47221,49615,ENSG00000173213,1,1,1,1,1,1,0,0,0,0,0,0,1,1,1,1,1,1,0,0,0
49815,73545,ENSG00000282965,1,1,1,1,1,1,0,0,0,0,0,0,1,1,1,1,1,1,0,0,0
109065,122340,ENSG00000263006,1,1,1,1,1,1,0,0,0,0,0,0,1,1,1,1,1,1,0,0,0
112256,112339,ENSG00000277521,1,1,1,1,1,1,0,0,0,0,0,0,1,1,1,1,1,1,0,0,0
158383,214629,ENSG00000101557,0,0,0,0,0,0,1,1,1,1,1,1,0,0,0,0,0,0,1,1,1
214520,268050,ENSG00000079134,1,1,1,1,1,1,0,0,0,0,0,0,1,1,1,1,1,1,0,0,0
268113,270298,ENSG00000263884,1,1,1,1,1,1,0,0,0,0,0,0,1,1,1,1,1,1,0,0,0
316737,319165,ENSG00000264514,1,1,1,1,1,1,0,0,0,0,0,0,1,1,1,1,1,1,0,0,0
316737,500722,ENSG00000158270,0,0,0,1,1,1,0,0,0,0,0,0,1,1,1,1,1,1,0,0,0
423744,424416,ENSG00000265477,1,1,1,1,1,1,0,0,0,0,0,0,1,1,1,1,1,1,0,0,0
508568,515294,ENSG00000264265,1,1,1,1,1,1,0,0,0,0,0,0,1,1,1,1,1,1,0,0,0
596988,650334,ENSG00000079101,1,1,1,1,1,1,0,0,0,0,0,0,1,1,1,1,1,1,0,0,0
623743,626492,ENSG00000288533,1,1,1,1,1,1,0,0,0,0,0,0,1,1,1,1,1,1,0,0,0
630886,658350,ENSG00000176912,1,1,1,1,1,1,0,0,0,0,0,0,1,1,1,1,1,1,0,0,0
650229,652843,ENSG00000266456,1,1,1,1,1,1,0,0,0,0,0,0,1,1,1,1,1,1,0,0,0
653985,657259,ENSG00000263727,1,1,1,1,1,1,0,0,0,0,0,0,1,1,1,1,1,1,0,0,0
657653,673578,ENSG00000176890,0,0,0,1,1,1,0,0,0,0,0,0,0,0,0,0,0,0,0,0,0
670318,712662,ENSG00000132199,1,1,1,1,1,1,0,0,0,0,0,0,1,1,1,1,1,1,0,0,0
706523,707648,ENSG00000265490,1,1,1,1,1,1,0,0,0,0,0,0,1,1,1,1,1,1,0,0,0
721588,812546,ENSG00000176105,0,0,0,0,0,0,1,1,1,1,1,1,0,0,0,0,0,0,1,1,1
735746,737459,ENSG00000266171,1,1,1,1,1,1,0,0,0,0,0,0,1,1,1,1,1,1,0,0,0
738058,739444,ENSG00000264339,1,1,1,1,1,1,0,0,0,0,0,0,1,1,1,1,1,1,0,0,0
738058,739662,ENSG00000264635,1,1,1,1,1,1,0,0,0,0,0,0,1,1,1,1,1,1,0,0,0
797989,798135,ENSG00000206687,1,1,1,1,1,1,0,0,0,0,0,0,1,1,1,1,1,1,0,0,0
812388,813757,ENSG00000273355,1,1,1,1,1,1,0,0,0,0,0,0,1,1,1,1,1,1,0,0,0
904871,912172,ENSG00000141433,1,1,1,1,1,1,0,0,0,0,0,0,1,1,1,1,1,1,0,0,0
976589,1310018,ENSG00000263551,1,1,1,1,1,1,0,0,0,0,0,0,1,1,1,1,1,1,0,0,0
1254383,1408344,ENSG00000132204,1,1,1,1,1,1,0,0,0,0,0,0,1,1,1,1,1,1,0,0,0
1362445,1363873,ENSG00000265417,1,1,1,1,1,1,0,0,0,0,0,0,1,1,1,1,1,1,0,0,0
1883524,2489426,ENSG00000263745,1,1,1,1,1,1,0,0,0,0,0,0,1,1,1,1,1,1,0,0,0
2506628,2511580,ENSG00000286975,1,1,1,1,1,1,0,0,0,0,0,0,1,1,1,1,1,1,0,0,0
2537525,2571509,ENSG00000101574,1,1,1,1,1,1,0,0,0,0,0,0,1,1,1,1,1,1,0,0,0
2561172,2562220,ENSG00000266783,1,1,1,1,1,1,0,0,0,0,0,0,1,1,1,1,1,1,0,0,0
2571557,2616635,ENSG00000080986,0,0,0,1,1,1,0,0,0,0,0,0,0,0,0,0,0,0,0,0,0
2652170,2655395,ENSG00000266405,1,1,1,1,1,1,0,0,0,0,0,0,1,1,1,1,1,1,0,0,0
2655726,2805017,ENSG00000101596,0,0,0,0,0,0,1,1,1,1,1,1,0,0,0,0,0,0,1,1,1
2688564,2833065,ENSG00000266049,1,1,1,1,1,1,0,0,0,0,0,0,1,1,1,1,1,1,0,0,0
2778941,2779057,ENSG00000207034,1,1,1,1,1,1,0,0,0,0,0,0,1,1,1,1,1,1,0,0,0
2847006,2916003,ENSG00000132205,1,1,1,1,1,1,0,0,0,0,0,0,1,1,1,1,1,1,0,0,0
2885296,3013144,ENSG00000101577,0,0,0,0,0,0,1,1,1,1,1,1,0,0,0,0,0,0,1,1,1
2920966,2921685,ENSG00000272625,1,1,1,1,1,1,0,0,0,0,0,0,1,1,1,1,1,1,0,0,0
2945550,2946890,ENSG00000263606,1,1,1,1,1,1,0,0,0,0,0,0,1,1,1,1,1,1,0,0,0
2948238,2960756,ENSG00000265907,1,1,1,1,1,1,0,0,0,0,0,0,1,1,1,1,1,1,0,0,0
2967018,2985410,ENSG00000266397,1,1,1,1,1,1,0,0,0,0,0,0,1,1,1,1,1,1,0,0,0
2990652,2991078,ENSG00000264186,1,1,1,1,1,1,0,0,0,0,0,0,1,1,1,1,1,1,0,0,0
3025069,3025387,ENSG00000277447,1,1,1,1,1,1,0,0,0,0,0,0,1,1,1,1,1,1,0,0,0
3066807,3219968,ENSG00000101605,1,1,1,1,1,1,0,0,0,0,0,0,1,1,1,1,1,1,0,0,0
3190397,3247277,ENSG00000265399,1,1,1,1,1,1,0,0,0,0,0,0,1,1,1,1,1,1,0,0,0
3245288,3247433,ENSG00000272688,1,1,1,1,1,1,0,0,0,0,0,0,1,1,1,1,1,1,0,0,0
3247481,3256236,ENSG00000101608,0,0,0,0,0,0,1,1,1,1,1,1,0,0,0,0,0,0,1,1,1
3255436,3261850,ENSG00000264235,0,0,0,0,0,0,1,1,1,1,1,1,0,0,0,0,0,0,1,1,1
3261479,3278461,ENSG00000118680,0,0,0,0,0,0,1,1,1,1,1,1,0,0,0,0,0,0,1,1,1
3284120,3330984,ENSG00000266578,1,1,1,1,1,1,0,0,0,0,0,0,1,1,1,1,1,1,0,0,0
3347696,3383532,ENSG00000259256,1,1,1,1,1,1,0,0,0,0,0,0,1,1,1,1,1,1,0,0,0
3411608,3459978,ENSG00000177426,0,0,0,1,1,1,0,0,0,0,0,0,0,0,0,0,0,0,0,0,0
3415145,3415580,ENSG00000263460,1,1,1,1,1,1,0,0,0,0,0,0,1,1,1,1,1,1,0,0,0
3466250,3487045,ENSG00000266835,1,1,1,1,1,1,0,0,0,0,0,0,1,1,1,1,1,1,0,0,0
3496032,4455307,ENSG00000170579,1,1,1,1,1,1,0,0,0,0,0,0,1,1,1,1,1,1,0,0,0
3580169,3580754,ENSG00000266373,1,1,1,1,1,1,0,0,0,0,0,0,1,1,1,1,1,1,0,0,0
3593732,3598363,ENSG00000177337,1,1,1,1,1,1,0,0,0,0,0,0,1,1,1,1,1,1,0,0,0
3603000,3610103,ENSG00000262001,1,1,1,1,1,1,0,0,0,0,0,0,1,1,1,1,1,1,0,0,0
3653030,3656282,ENSG00000266401,1,1,1,1,1,1,0,0,0,0,0,0,1,1,1,1,1,1,0,0,0
3770017,3771430,ENSG00000266513,1,1,1,1,1,1,0,0,0,0,0,0,1,1,1,1,1,1,0,0,0
3878058,3897069,ENSG00000263724,1,1,1,1,1,1,0,0,0,0,0,0,1,1,1,1,1,1,0,0,0
3962353,4024150,ENSG00000263878,1,1,1,1,1,1,0,0,0,0,0,0,1,1,1,1,1,1,0,0,0
3977649,3978615,ENSG00000250933,1,1,1,1,1,1,0,0,0,0,0,0,1,1,1,1,1,1,0,0,0
4459230,4459458,ENSG00000265545,1,1,1,1,1,1,0,0,0,0,0,0,1,1,1,1,1,1,0,0,0
5081171,5098780,ENSG00000265514,1,1,1,1,1,1,0,0,0,0,0,0,1,1,1,1,1,1,0,0,0
5142911,5197503,ENSG00000231824,1,1,1,1,1,1,0,0,0,0,0,0,1,1,1,1,1,1,0,0,0
5232876,5238526,ENSG00000265091,1,1,1,1,1,1,0,0,0,0,0,0,1,1,1,1,1,1,0,0,0
5236724,5238598,ENSG00000264575,1,1,1,1,1,1,0,0,0,0,0,0,1,1,1,1,1,1,0,0,0
5237826,5290608,ENSG00000263753,1,1,1,1,1,1,0,0,0,0,0,0,1,1,1,1,1,1,0,0,0
5240255,5241167,ENSG00000265188,1,1,1,1,1,1,0,0,0,0,0,0,1,1,1,1,1,1,0,0,0
5289019,5297053,ENSG00000198081,0,0,0,1,1,1,0,0,0,0,0,0,1,1,1,1,1,1,0,0,0
5381641,5385330,ENSG00000266288,1,1,1,1,1,1,0,0,0,0,0,0,1,1,1,1,1,1,0,0,0
5392381,5630700,ENSG00000082397,1,1,1,1,1,1,0,0,0,0,0,0,1,1,1,1,1,1,0,0,0
5463627,5480975,ENSG00000265316,1,1,1,1,1,1,0,0,0,0,0,0,1,1,1,1,1,1,0,0,0
5567130,5570942,ENSG00000264000,1,1,1,1,1,1,0,0,0,0,0,0,1,1,1,1,1,1,0,0,0
5721812,5876328,ENSG00000261738,1,1,1,1,1,1,0,0,0,0,0,0,1,1,1,1,1,1,0,0,0
5882072,5895955,ENSG00000206432,1,1,1,1,1,1,0,0,0,0,0,0,1,1,1,1,1,1,0,0,0
5954706,6415237,ENSG00000154655,1,1,1,1,1,1,0,0,0,0,0,0,1,1,1,1,1,1,0,0,0
6462144,6463030,ENSG00000235552,1,1,1,1,1,1,0,0,0,0,0,0,1,1,1,1,1,1,0,0,0
6727053,6728981,ENSG00000279479,1,1,1,1,1,1,0,0,0,0,0,0,1,1,1,1,1,1,0,0,0
6728821,6729862,ENSG00000266441,1,1,1,1,1,1,0,0,0,0,0,0,1,1,1,1,1,1,0,0,0
6729716,6915716,ENSG00000088756,1,1,1,1,1,1,0,0,0,0,0,0,1,1,1,1,1,1,0,0,0
6941742,7117797,ENSG00000101680,1,1,1,1,1,1,0,0,0,0,0,0,1,1,1,1,1,1,0,0,0
6954677,6957419,ENSG00000265069,1,1,1,1,1,1,0,0,0,0,0,0,1,1,1,1,1,1,0,0,0
7076817,7080123,ENSG00000264475,1,1,1,1,1,1,0,0,0,0,0,0,1,1,1,1,1,1,0,0,0
7301020,7301153,ENSG00000212626,1,1,1,1,1,1,0,0,0,0,0,0,1,1,1,1,1,1,0,0,0
7455844,7461135,ENSG00000286126,1,1,1,1,1,1,0,0,0,0,0,0,1,1,1,1,1,1,0,0,0
7566782,8406861,ENSG00000173482,0,0,0,0,0,0,1,1,1,1,1,1,0,0,0,0,0,0,1,1,1
7741310,7754831,ENSG00000266767,1,1,1,1,1,1,0,0,0,0,0,0,1,1,1,1,1,1,0,0,0
7814118,7815730,ENSG00000264596,1,1,1,1,1,1,0,0,0,0,0,0,1,1,1,1,1,1,0,0,0
7995570,7995785,ENSG00000199856,1,1,1,1,1,1,0,0,0,0,0,0,1,1,1,1,1,1,0,0,0
8012257,8016565,ENSG00000286627,1,1,1,1,1,1,0,0,0,0,0,0,1,1,1,1,1,1,0,0,0
8133203,8136032,ENSG00000286649,1,1,1,1,1,1,0,0,0,0,0,0,1,1,1,1,1,1,0,0,0
8154558,8155070,ENSG00000273368,1,1,1,1,1,1,0,0,0,0,0,0,1,1,1,1,1,1,0,0,0
8360820,8367034,ENSG00000266149,1,1,1,1,1,1,0,0,0,0,0,0,1,1,1,1,1,1,0,0,0
8402847,8405161,ENSG00000265413,1,1,1,1,1,1,0,0,0,0,0,0,1,1,1,1,1,1,0,0,0
8406761,8406953,ENSG00000263970,1,1,1,1,1,1,0,0,0,0,0,0,1,1,1,1,1,1,0,0,0
8412129,8414304,ENSG00000266613,1,1,1,1,1,1,0,0,0,0,0,0,1,1,1,1,1,1,0,0,0
8471831,8472128,ENSG00000242985,1,1,1,1,1,1,0,0,0,0,0,0,1,1,1,1,1,1,0,0,0
8609437,8639383,ENSG00000206418,0,0,0,0,0,0,1,1,1,1,1,1,0,0,0,0,0,0,1,1,1
8635179,8636347,ENSG00000266708,1,1,1,1,1,1,0,0,0,0,0,0,1,1,1,1,1,1,0,0,0
8688022,8688410,ENSG00000263935,1,1,1,1,1,1,0,0,0,0,0,0,1,1,1,1,1,1,0,0,0
8695856,8707699,ENSG00000265962,1,1,1,1,1,1,0,0,0,0,0,0,1,1,1,1,1,1,0,0,0
8705556,8832778,ENSG00000168502,1,1,1,1,1,1,0,0,0,0,0,0,1,1,1,1,1,1,1,1,1
8720034,8720132,ENSG00000252319,1,1,1,1,1,1,0,0,0,0,0,0,1,1,1,1,1,1,0,0,0
8801656,8802305,ENSG00000272788,1,1,1,1,1,1,0,0,0,0,0,0,1,1,1,1,1,1,0,0,0
8971624,8974580,ENSG00000286765,1,1,1,1,1,1,0,0,0,0,0,0,1,1,1,1,1,1,0,0,0
9020029,9020764,ENSG00000242058,1,1,1,1,1,1,0,0,0,0,0,0,1,1,1,1,1,1,0,0,0
9102630,9134345,ENSG00000178127,1,1,1,1,1,1,0,0,0,0,0,0,1,1,1,1,1,1,0,0,0
9112404,9115877,ENSG00000263847,1,1,1,1,1,1,0,0,0,0,0,0,1,1,1,1,1,1,0,0,0
9121179,9136645,ENSG00000266053,1,1,1,1,1,1,0,0,0,0,0,0,1,1,1,1,1,1,0,0,0
9136228,9285985,ENSG00000101745,0,0,0,0,0,0,1,1,1,1,1,1,0,0,0,0,0,0,1,1,1
9249649,9249746,ENSG00000200883,1,1,1,1,1,1,0,0,0,0,0,0,1,1,1,1,1,1,0,0,0
9250110,9250211,ENSG00000207092,1,1,1,1,1,1,0,0,0,0,0,0,1,1,1,1,1,1,0,0,0
9259388,9260390,ENSG00000273284,1,1,1,1,1,1,0,0,0,0,0,0,1,1,1,1,1,1,0,0,0
9310522,9334445,ENSG00000264964,1,1,1,1,1,1,0,0,0,0,0,0,1,1,1,1,1,1,0,0,0
9334767,9402420,ENSG00000128791,0,0,0,0,0,0,1,1,1,1,1,1,0,0,0,0,0,0,1,1,1
9335269,9336242,ENSG00000287509,1,1,1,1,1,1,0,0,0,0,0,0,1,1,1,1,1,1,0,0,0
9473421,9474006,ENSG00000273335,1,1,1,1,1,1,0,0,0,0,0,0,1,1,1,1,1,1,0,0,0
9475009,9538114,ENSG00000017797,0,0,0,1,1,1,0,0,0,0,0,0,0,0,0,0,0,0,1,1,1
9506242,9509726,ENSG00000266805,1,1,1,1,1,1,0,0,0,0,0,0,1,1,1,1,1,1,0,0,0
9518119,9518260,ENSG00000251994,1,1,1,1,1,1,0,0,0,0,0,0,1,1,1,1,1,1,0,0,0
9546791,9615240,ENSG00000154845,0,0,0,0,0,0,1,1,1,1,1,1,0,0,0,0,0,0,1,1,1
9587386,9590182,ENSG00000266541,1,1,1,1,1,1,0,0,0,0,0,0,1,1,1,1,1,1,0,0,0
9615264,9619363,ENSG00000263627,1,1,1,1,1,1,0,0,0,0,0,0,1,1,1,1,1,1,0,0,0
9646110,9648502,ENSG00000285594,1,1,1,1,1,1,0,0,0,0,0,0,1,1,1,1,1,1,0,0,0
9708275,9862551,ENSG00000168461,0,0,0,0,0,0,1,1,1,1,1,1,0,0,0,0,0,0,1,1,1
9785108,9787805,ENSG00000266127,1,1,1,1,1,1,0,0,0,0,0,0,1,1,1,1,1,1,0,0,0
9830330,9830627,ENSG00000242651,1,1,1,1,1,1,0,0,0,0,0,0,1,1,1,1,1,1,0,0,0
9840340,9841559,ENSG00000285653,1,1,1,1,1,1,0,0,0,0,0,0,1,1,1,1,1,1,0,0,0
9844717,9844846,ENSG00000252680,1,1,1,1,1,1,0,0,0,0,0,0,1,1,1,1,1,1,0,0,0
9885766,9889275,ENSG00000168454,1,1,1,1,1,1,0,0,0,0,0,0,1,1,1,1,1,1,0,0,0
9912316,9912849,ENSG00000272799,1,1,1,1,1,1,0,0,0,0,0,0,1,1,1,1,1,1,0,0,0
9914016,9960021,ENSG00000101558,0,0,0,0,0,0,1,1,1,1,1,1,0,0,0,0,0,0,1,1,1
10085838,10144406,ENSG00000265554,1,1,1,1,1,1,0,0,0,0,0,0,1,1,1,1,1,1,0,0,0
10321380,10372387,ENSG00000264876,1,1,1,1,1,1,0,0,0,0,0,0,1,1,1,1,1,1,0,0,0
10375103,10378114,ENSG00000266102,1,1,1,1,1,1,0,0,0,0,0,0,1,1,1,1,1,1,0,0,0
10454635,10489949,ENSG00000154856,1,1,1,1,1,1,0,0,0,0,0,0,1,1,1,1,1,1,0,0,0
10525905,10552764,ENSG00000134265,0,0,0,0,0,0,1,1,1,1,1,1,0,0,0,0,0,0,1,1,1
10666483,11149569,ENSG00000154864,1,1,1,1,1,1,0,0,0,0,0,0,1,1,1,1,1,1,0,0,0
10704297,10709599,ENSG00000264843,1,1,1,1,1,1,0,0,0,0,0,0,1,1,1,1,1,1,0,0,0
11326270,11328832,ENSG00000263682,1,1,1,1,1,1,0,0,0,0,0,0,1,1,1,1,1,1,0,0,0
11366913,11378409,ENSG00000267051,1,1,1,1,1,1,0,0,0,0,0,0,1,1,1,1,1,1,0,0,0
11486205,11523087,ENSG00000267252,1,1,1,1,1,1,0,0,0,0,0,0,1,1,1,1,1,1,0,0,0
11689264,11885685,ENSG00000141404,1,1,1,1,1,1,0,0,0,0,0,0,1,1,1,1,1,1,0,0,0
11851413,11854444,ENSG00000255112,0,0,0,0,0,0,1,1,1,1,1,1,0,0,0,0,0,0,1,1,1
11851414,11852751,ENSG00000267165,1,1,1,1,1,1,0,0,0,0,0,0,1,1,1,1,1,1,0,0,0
11857155,11857554,ENSG00000272703,1,1,1,1,1,1,0,0,0,0,0,0,1,1,1,1,1,1,0,0,0
11882622,11908366,ENSG00000154889,1,1,1,1,1,1,0,0,0,0,0,0,1,1,1,1,1,1,0,0,0
11908712,11909223,ENSG00000273141,1,1,1,1,1,1,0,0,0,0,0,0,1,1,1,1,1,1,0,0,0
11910634,11914344,ENSG00000267079,1,1,1,1,1,1,0,0,0,0,0,0,1,1,1,1,1,1,0,0,0
11928838,11929476,ENSG00000267661,1,1,1,1,1,1,0,0,0,0,0,0,1,1,1,1,1,1,0,0,0
11981025,12030877,ENSG00000141401,1,1,1,1,1,1,0,0,0,0,0,0,1,1,1,1,1,1,0,0,0
12031178,12032181,ENSG00000267480,1,1,1,1,1,1,0,0,0,0,0,0,1,1,1,1,1,1,0,0,0
12040101,12040300,ENSG00000266995,1,1,1,1,1,1,0,0,0,0,0,0,1,1,1,1,1,1,0,0,0
12067173,12068417,ENSG00000267533,1,1,1,1,1,1,0,0,0,0,0,0,1,1,1,1,1,1,0,0,0
12073232,12076654,ENSG00000256616,1,1,1,1,1,1,0,0,0,0,0,0,1,1,1,1,1,1,0,0,0
12093843,12129764,ENSG00000181626,1,1,1,1,1,1,0,0,0,0,0,0,1,1,1,1,1,1,0,0,0
12211378,12211807,ENSG00000267076,1,1,1,1,1,1,0,0,0,0,0,0,1,1,1,1,1,1,0,0,0
12230411,12231573,ENSG00000267247,1,1,1,1,1,1,0,0,0,0,0,0,1,1,1,1,1,1,0,0,0
12254361,12277595,ENSG00000176194,1,1,1,1,1,1,0,0,0,0,0,0,1,1,1,1,1,1,0,0,0
12279427,12282739,ENSG00000280302,1,1,1,1,1,1,0,0,0,0,0,0,1,1,1,1,1,1,0,0,0
12288243,12291594,ENSG00000267069,1,1,1,1,1,1,0,0,0,0,0,0,1,1,1,1,1,1,0,0,0
12304091,12304194,ENSG00000199702,1,1,1,1,1,1,0,0,0,0,0,0,1,1,1,1,1,1,0,0,0
12307669,12344320,ENSG00000176014,0,0,0,0,0,0,1,1,1,1,1,1,0,0,0,0,0,0,1,1,1
12328944,12377227,ENSG00000141385,0,0,0,0,0,0,1,1,1,1,1,1,0,0,0,0,0,0,1,1,1
12407896,12432238,ENSG00000141391,1,1,1,1,1,1,0,0,0,0,0,0,1,1,1,1,1,1,0,0,0
12432897,12437635,ENSG00000267108,1,1,1,1,1,1,0,0,0,0,0,0,1,1,1,1,1,1,0,0,0
12438890,12448205,ENSG00000267199,1,1,1,1,1,1,0,0,0,0,0,0,1,1,1,1,1,1,0,0,0
12446512,12658107,ENSG00000134278,0,0,0,0,0,0,1,1,1,1,1,1,0,0,0,0,0,0,1,1,1
12450447,12451042,ENSG00000267515,1,1,1,1,1,1,0,0,0,0,0,0,1,1,1,1,1,1,0,0,0
12658043,12728945,ENSG00000128789,0,0,0,0,0,0,1,1,1,1,1,1,0,0,0,0,0,0,1,1,1
12661833,12702777,ENSG00000101624,1,1,1,1,1,1,0,0,0,0,0,0,1,1,1,1,1,1,0,0,0
12670426,12671145,ENSG00000267249,1,1,1,1,1,1,0,0,0,0,0,0,1,1,1,1,1,1,0,0,0
12739490,12776140,ENSG00000260302,1,1,1,1,1,1,0,0,0,0,0,0,1,1,1,1,1,1,0,0,0
12785478,12929643,ENSG00000175354,0,0,0,1,1,1,0,0,0,0,0,0,1,1,1,1,1,1,0,0,0
12911186,12912023,ENSG00000267570,1,1,1,1,1,1,0,0,0,0,0,0,1,1,1,1,1,1,0,0,0
12912844,12913906,ENSG00000267336,1,1,1,1,1,1,0,0,0,0,0,0,1,1,1,1,1,1,0,0,0
12947133,12987536,ENSG00000085415,0,0,0,0,0,0,1,1,1,0,0,0,0,0,0,0,0,0,1,1,1
12984694,12991173,ENSG00000266969,1,1,1,1,1,1,0,0,0,0,0,0,1,1,1,1,1,1,0,0,0
12991362,13125052,ENSG00000101639,0,0,0,0,0,0,1,1,1,1,1,1,0,0,0,0,0,0,1,1,1
13203774,13216367,ENSG00000267239,1,1,1,1,1,1,0,0,0,0,0,0,1,1,1,1,1,1,0,0,0
13217498,13652755,ENSG00000168675,1,1,1,1,1,1,0,0,0,0,0,0,1,1,1,1,1,1,0,0,0
13239543,13242076,ENSG00000279020,1,1,1,1,1,1,0,0,0,0,0,0,1,1,1,1,1,1,0,0,0
13461020,13470823,ENSG00000267694,1,1,1,1,1,1,0,0,0,0,0,0,1,1,1,1,1,1,0,0,0
13500641,13501289,ENSG00000267366,1,1,1,1,1,1,0,0,0,0,0,0,1,1,1,1,1,1,0,0,0
13514520,13522888,ENSG00000267136,1,1,1,1,1,1,0,0,0,0,0,0,1,1,1,1,1,1,0,0,0
13644815,13645685,ENSG00000266954,1,1,1,1,1,1,0,0,0,0,0,0,1,1,1,1,1,1,0,0,0
13663347,13726663,ENSG00000177150,0,0,0,0,0,0,1,1,1,0,0,0,1,1,1,0,0,0,1,1,1
13710249,13710484,ENSG00000279962,1,1,1,1,1,1,0,0,0,0,0,0,1,1,1,1,1,1,0,0,0
13715102,13715368,ENSG00000242707,1,1,1,1,1,1,0,0,0,0,0,0,1,1,1,1,1,1,0,0,0
13726660,13764556,ENSG00000101654,0,0,0,0,0,0,1,1,1,1,1,1,0,0,0,0,0,0,1,1,1
13824149,13827323,ENSG00000176136,1,1,1,1,1,1,0,0,0,0,0,0,1,1,1,1,1,1,0,0,0
14010054,14010917,ENSG00000279352,1,1,1,1,1,1,0,0,0,0,0,0,1,1,1,1,1,1,0,0,0
14057457,14132490,ENSG00000175322,1,1,1,1,1,1,0,0,0,0,0,0,1,1,1,1,1,1,0,0,0
14104542,14105226,ENSG00000267356,1,1,1,1,1,1,0,0,0,0,0,0,1,1,1,1,1,1,0,0,0
14179097,14252140,ENSG00000186481,1,1,1,1,1,1,0,0,0,0,0,0,1,1,1,1,1,1,0,0,0
14190700,14190806,ENSG00000212329,1,1,1,1,1,1,0,0,0,0,0,0,1,1,1,1,1,1,0,0,0
14222008,14222331,ENSG00000266145,1,1,1,1,1,1,0,0,0,0,0,0,1,1,1,1,1,1,0,0,0
14225224,14342505,ENSG00000283294,1,1,1,1,1,1,0,0,0,0,0,0,1,1,1,1,1,1,0,0,0
14253548,14254075,ENSG00000274214,1,1,1,1,1,1,0,0,0,0,0,0,1,1,1,1,1,1,0,0,0
14337423,14342524,ENSG00000265787,1,1,1,1,1,1,0,0,0,0,0,0,1,1,1,1,1,1,0,0,0
14391913,14393909,ENSG00000265296,1,1,1,1,1,1,0,0,0,0,0,0,1,1,1,1,1,1,0,0,0
14404551,14430923,ENSG00000286593,1,1,1,1,1,1,0,0,0,0,0,0,1,1,1,1,1,1,0,0,0
14450216,14450883,ENSG00000266605,1,1,1,1,1,1,0,0,0,0,0,0,1,1,1,1,1,1,0,0,0
14477955,14499278,ENSG00000265766,1,1,1,1,1,1,0,0,0,0,0,0,1,1,1,1,1,1,0,0,0
14485806,14487501,ENSG00000266242,1,1,1,1,1,1,0,0,0,0,0,0,1,1,1,1,1,1,0,0,0
14507339,14543600,ENSG00000183206,1,1,1,1,1,1,0,0,0,0,0,0,1,1,1,1,1,1,0,0,0
14613137,14614184,ENSG00000266693,1,1,1,1,1,1,0,0,0,0,0,0,1,1,1,1,1,1,0,0,0
14629832,14632806,ENSG00000264570,1,1,1,1,1,1,0,0,0,0,0,0,1,1,1,1,1,1,0,0,0
14695422,14706597,ENSG00000276318,1,1,1,1,1,1,0,0,0,0,0,0,1,1,1,1,1,1,0,0,0
14728272,14854667,ENSG00000180777,1,1,1,1,1,1,0,0,0,0,0,0,1,1,1,1,1,1,0,0,0
14759188,14759294,ENSG00000200645,1,1,1,1,1,1,0,0,0,0,0,0,1,1,1,1,1,1,0,0,0
14816151,14825249,ENSG00000265737,1,1,1,1,1,1,0,0,0,0,0,0,1,1,1,1,1,1,0,0,0
14877611,14884052,ENSG00000265786,1,1,1,1,1,1,0,0,0,0,0,0,1,1,1,1,1,1,0,0,0
14903580,14915628,ENSG00000263618,1,1,1,1,1,1,0,0,0,0,0,0,1,1,1,1,1,1,0,0,0
14946267,14974215,ENSG00000266554,1,1,1,1,1,1,0,0,0,0,0,0,1,1,1,1,1,1,0,0,0
14969001,14970468,ENSG00000264301,1,1,1,1,1,1,0,0,0,0,0,0,1,1,1,1,1,1,0,0,0
14978739,14979839,ENSG00000263821,1,1,1,1,1,1,0,0,0,0,0,0,1,1,1,1,1,1,0,0,0
14990707,14993235,ENSG00000279042,1,1,1,1,1,1,0,0,0,0,0,0,1,1,1,1,1,1,0,0,0
15003975,15006352,ENSG00000266522,1,1,1,1,1,1,0,0,0,0,0,0,1,1,1,1,1,1,0,0,0
15075445,15122767,ENSG00000263635,1,1,1,1,1,1,0,0,0,0,0,0,1,1,1,1,1,1,0,0,0
15184016,15189760,ENSG00000286293,1,1,1,1,1,1,0,0,0,0,0,0,1,1,1,1,1,1,0,0,0
15307663,15330282,ENSG00000215512,1,1,1,1,1,1,0,0,0,0,0,0,1,1,1,1,1,1,0,0,0
20946906,21111813,ENSG00000067900,0,0,0,0,0,0,1,1,1,1,1,1,0,0,0,0,0,0,1,1,1
21119182,21119661,ENSG00000244527,1,1,1,1,1,1,0,0,0,0,0,0,1,1,1,1,1,1,0,0,0
21240675,21241371,ENSG00000265984,1,1,1,1,1,1,0,0,0,0,0,0,1,1,1,1,1,1,0,0,0
21242232,21526112,ENSG00000141449,1,1,1,1,1,1,0,0,0,0,0,0,1,1,1,1,1,1,0,0,0
21316878,21317795,ENSG00000265948,1,1,1,1,1,1,0,0,0,0,0,0,1,1,1,1,1,1,0,0,0
21529284,21600884,ENSG00000141446,0,0,0,0,0,0,1,1,1,0,0,0,0,0,0,0,0,0,1,1,1
21612314,21633524,ENSG00000167088,1,1,1,1,1,1,0,0,0,0,0,0,1,1,1,0,0,0,0,0,0
21650901,21704780,ENSG00000158201,1,1,1,1,1,1,0,0,0,0,0,0,1,1,1,1,1,1,0,0,0
21661787,21662395,ENSG00000264188,1,1,1,1,1,1,0,0,0,0,0,0,1,1,1,1,1,1,0,0,0
21683510,21683597,ENSG00000221493,1,1,1,1,1,1,0,0,0,0,0,0,1,1,1,1,1,1,0,0,0
21704957,21870953,ENSG00000101752,0,0,0,0,0,0,1,1,1,1,1,1,0,0,0,0,0,0,1,1,1
21793883,21794159,ENSG00000242971,1,1,1,1,1,1,0,0,0,0,0,0,1,1,1,1,1,1,0,0,0
21817624,21817828,ENSG00000199977,1,1,1,1,1,1,0,0,0,0,0,0,1,1,1,1,1,1,0,0,0
21825487,21831539,ENSG00000265142,1,1,1,1,1,1,0,0,0,0,0,0,1,1,1,1,1,1,0,0,0
21854640,21854987,ENSG00000243303,1,1,1,1,1,1,0,0,0,0,0,0,1,1,1,1,1,1,0,0,0
22130603,22130729,ENSG00000221363,1,1,1,1,1,1,0,0,0,0,0,0,1,1,1,1,1,1,0,0,0
22164886,22169878,ENSG00000266010,1,1,1,1,1,1,0,0,0,0,0,0,1,1,1,1,1,1,0,0,0
22169589,22202528,ENSG00000141448,1,1,1,1,1,1,0,0,0,0,0,0,1,1,1,1,1,1,0,0,0
22200619,22205229,ENSG00000266283,1,1,1,1,1,1,0,0,0,0,0,0,1,1,1,1,1,1,0,0,0
22213778,22228029,ENSG00000264825,1,1,1,1,1,1,0,0,0,0,0,0,1,1,1,1,1,1,0,0,0
22347846,22348252,ENSG00000273348,1,1,1,1,1,1,0,0,0,0,0,0,1,1,1,1,1,1,0,0,0
22699481,22933764,ENSG00000265943,1,1,1,1,1,1,0,0,0,0,0,0,1,1,1,1,1,1,0,0,0
22723491,22907721,ENSG00000266850,1,1,1,1,1,1,0,0,0,0,0,0,1,1,1,1,1,1,0,0,0
22798261,23026488,ENSG00000101773,0,0,0,0,0,0,1,1,1,1,1,1,0,0,0,0,0,0,1,1,1
22882825,22883357,ENSG00000273232,1,1,1,1,1,1,0,0,0,0,0,0,1,1,1,1,1,1,0,0,0
22900486,22900995,ENSG00000265939,1,1,1,1,1,1,0,0,0,0,0,0,1,1,1,1,1,1,0,0,0
23004564,23004862,ENSG00000242182,1,1,1,1,1,1,0,0,0,0,0,0,1,1,1,1,1,1,0,0,0
23024596,23024703,ENSG00000223023,1,1,1,1,1,1,0,0,0,0,0,0,1,1,1,1,1,1,0,0,0
23134564,23260470,ENSG00000134508,1,1,1,1,1,1,0,0,0,0,0,0,1,1,1,1,1,1,0,0,0
23197144,23437961,ENSG00000134490,1,1,1,1,1,1,0,0,0,0,0,0,1,1,1,1,1,1,0,0,0
23257164,23260354,ENSG00000266495,1,1,1,1,1,1,0,0,0,0,0,0,1,1,1,1,1,1,0,0,0
23453287,23486603,ENSG00000101782,0,0,0,0,0,0,1,1,1,1,1,1,0,0,0,0,0,0,1,1,1
23456371,23456467,ENSG00000199357,1,1,1,1,1,1,0,0,0,0,0,0,1,1,1,1,1,1,0,0,0
23485000,23485197,ENSG00000283084,1,1,1,1,1,1,0,0,0,0,0,0,1,1,1,1,1,1,0,0,0
23503470,23531822,ENSG00000141452,0,0,0,0,0,0,1,1,1,0,0,0,0,0,0,0,0,0,1,1,1
23506184,23586506,ENSG00000141458,0,0,0,1,1,1,0,0,0,0,0,0,0,0,0,0,0,0,0,0,0
23582016,23582121,ENSG00000199366,1,1,1,1,1,1,0,0,0,0,0,0,1,1,1,1,1,1,0,0,0
23598926,23662911,ENSG00000154065,1,1,1,1,1,1,0,0,0,0,0,0,1,1,1,1,1,1,0,0,0
23689453,23956222,ENSG00000053747,1,1,1,1,1,1,0,0,0,0,0,0,1,1,1,1,1,1,0,0,0
23709825,23710287,ENSG00000267301,1,1,1,1,1,1,0,0,0,0,0,0,1,1,1,1,1,1,0,0,0
23957754,23982556,ENSG00000265752,1,1,1,1,1,1,0,0,0,0,0,0,1,1,1,1,1,1,0,0,0
23992773,24135610,ENSG00000168234,0,0,0,0,0,0,1,1,1,1,1,1,0,0,0,0,0,0,1,1,1
23994213,24015339,ENSG00000264745,1,1,1,1,1,1,0,0,0,0,0,0,1,1,1,1,1,1,0,0,0
24113637,24121003,ENSG00000264924,1,1,1,1,1,1,0,0,0,0,0,0,1,1,1,1,1,1,0,0,0
24135468,24135829,ENSG00000279332,1,1,1,1,1,1,0,0,0,0,0,0,1,1,1,1,1,1,0,0,0
24138987,24161600,ENSG00000154040,1,1,1,1,1,1,0,0,0,0,0,0,1,1,1,1,1,1,0,0,0
24159509,24162211,ENSG00000265750,1,1,1,1,1,1,0,0,0,0,0,0,1,1,1,1,1,1,0,0,0
24162045,24397880,ENSG00000141447,0,0,0,1,1,1,0,0,0,0,0,0,1,1,1,0,0,0,1,1,1
24179038,24179295,ENSG00000273524,1,1,1,1,1,1,0,0,0,0,0,0,1,1,1,1,1,1,0,0,0
24426634,24453531,ENSG00000154059,0,0,0,0,0,0,1,1,1,1,1,1,0,0,0,0,0,0,1,1,1
24435364,24439638,ENSG00000265094,1,1,1,1,1,1,0,0,0,0,0,0,1,1,1,1,1,1,0,0,0
24460637,24479961,ENSG00000134489,1,1,1,1,1,1,0,0,0,0,0,0,1,1,1,1,1,1,0,0,0
24489375,24491080,ENSG00000264695,1,1,1,1,1,1,0,0,0,0,0,0,1,1,1,1,1,1,0,0,0
24500130,24508275,ENSG00000287611,1,1,1,1,1,1,0,0,0,0,0,0,1,1,1,1,1,1,0,0,0
24534551,24708542,ENSG00000265485,1,1,1,1,1,1,0,0,0,0,0,0,1,1,1,1,1,1,0,0,0
24725762,24986980,ENSG00000266573,1,1,1,1,1,1,0,0,0,0,0,0,1,1,1,1,1,1,0,0,0
24932771,24987919,ENSG00000264345,1,1,1,1,1,1,0,0,0,0,0,0,1,1,1,1,1,1,0,0,0
25055600,25056760,ENSG00000265552,1,1,1,1,1,1,0,0,0,0,0,0,1,1,1,1,1,1,0,0,0
25061924,25352190,ENSG00000198795,0,0,0,1,1,1,0,0,0,0,0,0,1,1,1,1,1,1,0,0,0
25200976,25202837,ENSG00000279439,1,1,1,1,1,1,0,0,0,0,0,0,1,1,1,1,1,1,0,0,0
26016253,26091217,ENSG00000141380,0,0,0,0,0,0,1,1,1,1,1,1,0,0,0,0,0,0,1,1,1
26170726,26171284,ENSG00000188985,1,1,1,1,1,1,0,0,0,0,0,0,1,1,1,1,1,1,0,0,0
26226445,26391685,ENSG00000141384,1,1,1,1,1,1,0,0,0,0,0,0,1,1,1,1,1,1,0,0,0
26255698,26256355,ENSG00000263829,1,1,1,1,1,1,0,0,0,0,0,0,1,1,1,1,1,1,0,0,0
26266009,26267409,ENSG00000266237,1,1,1,1,1,1,0,0,0,0,0,0,1,1,1,1,1,1,0,0,0
26348347,26349004,ENSG00000264911,1,1,1,1,1,1,0,0,0,0,0,0,1,1,1,1,1,1,0,0,0
26421139,26438041,ENSG00000263862,1,1,1,1,1,1,0,0,0,0,0,0,1,1,1,1,1,1,0,0,0
26454910,26657401,ENSG00000134504,1,1,1,1,1,1,0,0,0,0,0,0,1,1,1,1,1,1,0,0,0
26542971,26545791,ENSG00000277534,1,1,1,1,1,1,0,0,0,0,0,0,1,1,1,1,1,1,0,0,0
26599408,26600338,ENSG00000263846,1,1,1,1,1,1,0,0,0,0,0,0,1,1,1,1,1,1,0,0,0
26655737,27190698,ENSG00000260372,1,1,1,1,1,1,0,0,0,0,0,0,1,1,1,1,1,1,0,0,0
26952201,26952558,ENSG00000266549,1,1,1,1,1,1,0,0,0,0,0,0,1,1,1,1,1,1,0,0,0
27785821,27795637,ENSG00000286426,1,1,1,1,1,1,0,0,0,0,0,0,1,1,1,1,1,1,0,0,0
27921551,27963692,ENSG00000227279,0,0,0,1,1,1,0,0,0,0,0,0,0,0,0,0,0,0,0,0,0
27932879,28177946,ENSG00000170558,0,0,0,0,0,0,1,1,1,1,1,1,0,0,0,0,0,0,1,1,1
28146233,28146703,ENSG00000274578,1,1,1,1,1,1,0,0,0,0,0,0,1,1,1,1,1,1,0,0,0
28651732,28653208,ENSG00000266296,1,1,1,1,1,1,0,0,0,0,0,0,1,1,1,1,1,1,0,0,0
29256817,29257060,ENSG00000266479,1,1,1,1,1,1,0,0,0,0,0,0,1,1,1,1,1,1,0,0,0
30290161,30414073,ENSG00000286605,1,1,1,1,1,1,0,0,0,0,0,0,1,1,1,1,1,1,0,0,0
30989365,31042815,ENSG00000134762,1,1,1,1,1,1,0,0,0,0,0,0,1,1,1,1,1,1,0,0,0
31058840,31102522,ENSG00000134755,1,1,1,1,1,1,0,0,0,0,0,0,1,1,1,1,1,1,0,0,0
31318160,31359246,ENSG00000134760,1,1,1,1,1,1,0,0,0,0,0,0,1,1,1,1,1,1,0,0,0
31376777,31414912,ENSG00000175065,1,1,1,1,1,1,0,0,0,0,0,0,1,1,1,1,1,1,0,0,0
31447741,31478702,ENSG00000134757,1,1,1,1,1,1,0,0,0,0,0,0,1,1,1,1,1,1,0,0,0
31498177,31549008,ENSG00000046604,1,1,1,1,1,1,0,0,0,0,0,0,1,1,1,1,1,1,0,0,0
31542146,31556948,ENSG00000264859,1,1,1,1,1,1,0,0,0,0,0,0,1,1,1,1,1,1,0,0,0
31557009,31598833,ENSG00000118271,1,1,1,1,1,1,0,0,0,0,0,0,1,1,1,1,1,1,0,0,0
31622246,31685836,ENSG00000118276,1,1,1,1,1,1,0,0,0,0,0,0,1,1,1,1,1,1,0,0,0
31685655,31686823,ENSG00000259985,1,1,1,1,1,1,0,0,0,0,0,0,1,1,1,1,1,1,0,0,0
31724198,31742715,ENSG00000265158,1,1,1,1,1,1,0,0,0,0,0,0,1,1,1,1,1,1,0,0,0
31726043,31726397,ENSG00000263772,1,1,1,1,1,1,0,0,0,0,0,0,1,1,1,1,1,1,0,0,0
31759584,31760880,ENSG00000141437,1,1,1,1,1,1,0,0,0,0,0,0,1,1,1,1,1,1,0,0,0
31829197,31953136,ENSG00000153339,0,0,0,0,0,0,1,1,1,1,1,1,0,0,0,0,0,0,1,1,1
31895745,31896410,ENSG00000276282,1,1,1,1,1,1,0,0,0,0,0,0,1,1,1,1,1,1,0,0,0
31942575,31944162,ENSG00000263823,1,1,1,1,1,1,0,0,0,0,0,0,1,1,1,1,1,1,0,0,0
31962178,31963618,ENSG00000265273,1,1,1,1,1,1,0,0,0,0,0,0,1,1,1,1,1,1,0,0,0
32018825,32073219,ENSG00000101695,1,1,1,1,1,1,0,0,0,0,0,0,1,1,1,1,1,1,0,0,0
32091295,32092119,ENSG00000265008,1,1,1,1,1,1,0,0,0,0,0,0,1,1,1,1,1,1,0,0,0
32091874,32131561,ENSG00000134758,1,1,1,1,1,1,0,0,0,0,0,0,1,1,1,1,1,1,0,0,0
32122400,32124478,ENSG00000263393,1,1,1,1,1,1,0,0,0,0,0,0,1,1,1,1,1,1,0,0,0
32124877,32470882,ENSG00000141441,1,1,1,1,1,1,0,0,0,0,0,0,1,1,1,1,1,1,0,0,0
32185069,32220404,ENSG00000141434,1,1,1,1,1,1,0,0,0,0,0,0,1,1,1,1,1,1,0,0,0
32263135,32263234,ENSG00000222395,1,1,1,1,1,1,0,0,0,0,0,0,1,1,1,1,1,1,0,0,0
32287437,32290340,ENSG00000264982,1,1,1,1,1,1,0,0,0,0,0,0,1,1,1,1,1,1,0,0,0
32412214,32413176,ENSG00000215492,1,1,1,1,1,1,0,0,0,0,0,0,1,1,1,1,1,1,0,0,0
32470288,32745567,ENSG00000285095,1,1,1,1,1,1,0,0,0,0,0,0,1,1,1,1,1,1,0,0,0
32511663,32514634,ENSG00000260389,1,1,1,1,1,1,0,0,0,0,0,0,1,1,1,1,1,1,0,0,0
32672673,32773023,ENSG00000197705,1,1,1,1,1,1,0,0,0,0,0,0,1,1,1,1,1,1,0,0,0
32937402,33441101,ENSG00000166960,1,1,1,1,1,1,0,0,0,0,0,0,1,1,1,1,1,1,0,0,0
33578219,33751195,ENSG00000141431,1,1,1,1,1,1,0,0,0,0,0,0,1,1,1,1,1,1,0,0,0
33851100,34224952,ENSG00000101746,1,1,1,1,1,1,0,0,0,0,0,0,1,1,1,1,1,1,0,0,0
34222965,34224761,ENSG00000267746,1,1,1,1,1,1,0,0,0,0,0,0,1,1,1,1,1,1,0,0,0
34493291,34891844,ENSG00000134769,1,1,1,1,1,1,0,0,0,0,0,0,1,1,1,1,1,1,0,0,0
34573987,34574523,ENSG00000267585,1,1,1,1,1,1,0,0,0,0,0,0,1,1,1,1,1,1,0,0,0
34737795,34767663,ENSG00000268873,1,1,1,1,1,1,0,0,0,0,0,0,1,1,1,1,1,1,0,0,0
34892013,34903504,ENSG00000278464,1,1,1,1,1,1,0,0,0,0,0,0,1,1,1,1,1,1,0,0,0
34976928,35143470,ENSG00000166974,1,1,1,1,1,1,0,0,0,0,0,0,1,1,1,1,1,1,0,0,0
35082009,35082242,ENSG00000280096,1,1,1,1,1,1,0,0,0,0,0,0,1,1,1,1,1,1,0,0,0
35144942,35145417,ENSG00000274400,1,1,1,1,1,1,0,0,0,0,0,0,1,1,1,1,1,1,0,0,0
35241030,35267133,ENSG00000186812,1,1,1,1,1,1,0,0,0,0,0,0,1,1,1,1,1,1,0,0,0
35251058,35290245,ENSG00000186814,1,1,1,1,1,1,0,0,0,0,0,0,1,1,1,1,1,1,0,0,0
35257040,35257512,ENSG00000279989,1,1,1,1,1,1,0,0,0,0,0,0,1,1,1,1,1,1,0,0,0
35268218,35270238,ENSG00000274184,1,1,1,1,1,1,0,0,0,0,0,0,1,1,1,1,1,1,0,0,0
35280867,35290201,ENSG00000268573,1,1,1,1,1,1,0,0,0,0,0,0,1,1,1,1,1,1,0,0,0
35290276,35328390,ENSG00000257267,0,0,0,0,0,0,1,1,1,1,1,1,0,0,0,0,0,0,1,1,1
35317396,35317848,ENSG00000274918,1,1,1,1,1,1,0,0,0,0,0,0,1,1,1,1,1,1,0,0,0
35332227,35345482,ENSG00000172466,0,0,0,0,0,0,1,1,1,1,1,1,0,0,0,0,0,0,1,1,1
35366694,35377337,ENSG00000186496,1,1,1,1,1,1,0,0,0,0,0,0,1,1,1,1,1,1,0,0,0
35443869,35467088,ENSG00000267583,1,1,1,1,1,1,0,0,0,0,0,0,1,1,1,1,1,1,0,0,0
35452230,35497979,ENSG00000153391,1,1,1,1,1,1,0,0,0,0,0,0,1,1,1,1,1,1,0,0,0
35581117,35711834,ENSG00000141429,0,0,0,0,0,0,1,1,1,1,1,1,0,0,0,0,0,0,1,1,1
35591737,35591806,ENSG00000283514,1,1,1,1,1,1,0,0,0,0,0,0,1,1,1,1,1,1,0,0,0
35595901,35597599,ENSG00000266965,1,1,1,1,1,1,0,0,0,0,0,0,1,1,1,1,1,1,0,0,0
35716370,35717978,ENSG00000267397,1,1,1,1,1,1,0,0,0,0,0,0,1,1,1,1,1,1,0,0,0
35934088,35934142,ENSG00000265641,1,1,1,1,1,1,0,0,0,0,0,0,1,1,1,1,1,1,0,0,0
35972151,35973916,ENSG00000278986,1,1,1,1,1,1,0,0,0,0,0,0,1,1,1,1,1,1,0,0,0
35972625,35979286,ENSG00000141428,0,0,0,0,0,0,1,1,1,1,1,1,0,0,0,0,0,0,1,1,1
35984387,36067576,ENSG00000141425,0,0,0,0,0,0,1,1,1,0,0,0,0,0,0,0,0,0,0,0,0
36108531,36129385,ENSG00000141424,0,0,0,0,0,0,1,1,1,1,1,1,0,0,0,0,0,0,1,1,1
36129444,36180557,ENSG00000134759,0,0,0,0,0,0,1,1,1,1,1,1,0,0,0,0,0,0,1,1,1
36179996,36187475,ENSG00000260552,1,1,1,1,1,1,0,0,0,0,0,0,1,1,1,1,1,1,0,0,0
36187497,36272157,ENSG00000075643,1,1,1,1,1,1,0,0,0,0,0,0,1,1,1,1,1,1,0,0,0
36189824,36190272,ENSG00000274849,1,1,1,1,1,1,0,0,0,0,0,0,1,1,1,1,1,1,0,0,0
36273574,36274599,ENSG00000267404,1,1,1,1,1,1,0,0,0,0,0,0,1,1,1,1,1,1,0,0,0
36278735,36279119,ENSG00000267456,1,1,1,1,1,1,0,0,0,0,0,0,1,1,1,1,1,1,0,0,0
36297713,36780220,ENSG00000134775,1,1,1,1,1,1,0,0,0,0,0,0,1,1,1,1,1,1,0,0,0
36777647,36829216,ENSG00000134779,0,0,0,0,0,0,1,1,1,1,1,1,0,0,0,0,0,0,1,1,1
36829106,37232172,ENSG00000150477,1,1,1,1,1,1,0,0,0,0,0,0,1,1,1,1,1,1,0,0,0
36901946,36923814,ENSG00000267039,1,1,1,1,1,1,0,0,0,0,0,0,1,1,1,1,1,1,0,0,0
37234119,37236242,ENSG00000267651,1,1,1,1,1,1,0,0,0,0,0,0,1,1,1,1,1,1,0,0,0
37243040,37565827,ENSG00000101489,1,1,1,1,1,1,0,0,0,0,0,0,1,1,1,1,1,1,0,0,0
37243776,37247506,ENSG00000267707,1,1,1,1,1,1,0,0,0,0,0,0,1,1,1,1,1,1,0,0,0
37473330,37473977,ENSG00000279543,1,1,1,1,1,1,0,0,0,0,0,0,1,1,1,1,1,1,0,0,0
39206917,39800322,ENSG00000267374,1,1,1,1,1,1,0,0,0,0,0,0,1,1,1,1,1,1,0,0,0
39334872,39335672,ENSG00000175886,1,1,1,1,1,1,0,0,0,0,0,0,1,1,1,1,1,1,0,0,0
39655645,39665494,ENSG00000286559,1,1,1,1,1,1,0,0,0,0,0,0,1,1,1,1,1,1,0,0,0
39678520,39678622,ENSG00000212354,1,1,1,1,1,1,0,0,0,0,0,0,1,1,1,1,1,1,0,0,0
39841678,39896298,ENSG00000283503,1,1,1,1,1,1,0,0,0,0,0,0,1,1,1,1,1,1,0,0,0
40062903,40066471,ENSG00000279034,1,1,1,1,1,1,0,0,0,0,0,0,1,1,1,1,1,1,0,0,0
40066286,40099233,ENSG00000261715,1,1,1,1,1,1,0,0,0,0,0,0,1,1,1,1,1,1,0,0,0
41955234,42087830,ENSG00000078142,0,0,0,1,1,1,0,0,0,0,0,0,1,1,1,1,1,1,0,0,0
42052705,42053030,ENSG00000276174,1,1,1,1,1,1,0,0,0,0,0,0,1,1,1,1,1,1,0,0,0
42089312,42089752,ENSG00000267088,1,1,1,1,1,1,0,0,0,0,0,0,1,1,1,1,1,1,0,0,0
42159283,42691422,ENSG00000267586,1,1,1,1,1,1,0,0,0,0,0,0,1,1,1,1,1,1,0,0,0
42270589,42270715,ENSG00000253040,1,1,1,1,1,1,0,0,0,0,0,0,1,1,1,1,1,1,0,0,0
42649520,42657893,ENSG00000286976,1,1,1,1,1,1,0,0,0,0,0,0,1,1,1,1,1,1,0,0,0
43267892,43277535,ENSG00000132872,1,1,1,1,1,1,0,0,0,0,0,0,1,1,1,1,1,1,0,0,0
44214971,44342315,ENSG00000285550,1,1,1,1,1,1,0,0,0,0,0,0,1,1,1,1,1,1,0,0,0
44280768,44579953,ENSG00000267337,1,1,1,1,1,1,0,0,0,0,0,0,1,1,1,1,1,1,0,0,0
44320800,44322257,ENSG00000267573,1,1,1,1,1,1,0,0,0,0,0,0,1,1,1,1,1,1,0,0,0
44676927,44679717,ENSG00000267414,1,1,1,1,1,1,0,0,0,0,0,0,1,1,1,1,1,1,0,0,0
44680173,45068510,ENSG00000152217,1,1,1,1,1,1,0,0,0,0,0,0,1,1,1,1,1,1,0,0,0
44732575,44733315,ENSG00000280365,1,1,1,1,1,1,0,0,0,0,0,0,1,1,1,1,1,1,0,0,0
44986109,44989203,ENSG00000279319,1,1,1,1,1,1,0,0,0,0,0,0,1,1,1,1,1,1,0,0,0
45104361,45181382,ENSG00000267101,1,1,1,1,1,1,0,0,0,0,0,0,1,1,1,1,1,1,0,0,0
45212995,45683688,ENSG00000132874,1,1,1,1,1,1,0,0,0,0,0,0,1,1,1,1,1,1,0,0,0
45423764,45483218,ENSG00000267097,1,1,1,1,1,1,0,0,0,0,0,0,1,1,1,1,1,1,0,0,0
45483343,45529855,ENSG00000266988,1,1,1,1,1,1,0,0,0,0,0,0,1,1,1,1,1,1,0,0,0
45571406,45611540,ENSG00000287943,1,1,1,1,1,1,0,0,0,0,0,0,1,1,1,1,1,1,0,0,0
45573084,45575504,ENSG00000267193,1,1,1,1,1,1,0,0,0,0,0,0,1,1,1,1,1,1,0,0,0
45646153,45647937,ENSG00000266968,1,1,1,1,1,1,0,0,0,0,0,0,1,1,1,1,1,1,0,0,0
45669367,45747215,ENSG00000288545,1,1,1,1,1,1,0,0,0,0,0,0,1,1,1,1,1,1,0,0,0
45687025,45752520,ENSG00000141469,1,1,1,1,1,1,0,0,0,0,0,0,1,1,1,1,1,1,0,0,0
45800581,45967329,ENSG00000152223,0,0,0,0,0,0,1,1,1,1,1,1,0,0,0,0,0,0,1,1,1
45825675,45844094,ENSG00000197046,1,1,1,1,1,1,0,0,0,0,0,0,1,1,1,1,1,1,0,0,0
45983536,46072272,ENSG00000152229,1,1,1,1,1,1,0,0,0,0,0,0,1,1,1,1,1,1,0,0,0
45989653,45989945,ENSG00000222179,1,1,1,1,1,1,0,0,0,0,0,0,1,1,1,1,1,1,0,0,0
46028306,46029829,ENSG00000267293,1,1,1,1,1,1,0,0,0,0,0,0,1,1,1,1,1,1,0,0,0
46077004,46077099,ENSG00000252034,1,1,1,1,1,1,0,0,0,0,0,0,1,1,1,1,1,1,0,0,0
46080248,46104334,ENSG00000152234,0,0,0,0,0,0,1,1,1,1,1,1,0,0,0,0,0,0,1,1,1
46104378,46128333,ENSG00000152240,0,0,0,0,0,0,1,1,1,0,0,0,0,0,0,0,0,0,1,1,1
46173553,46266992,ENSG00000152242,0,0,0,1,1,1,0,0,0,0,0,0,1,1,1,1,1,1,0,0,0
46326809,46463140,ENSG00000141622,1,1,1,1,1,1,0,0,0,0,0,0,1,1,1,1,1,1,0,0,0
46385707,46387083,ENSG00000279829,1,1,1,1,1,1,0,0,0,0,0,0,1,1,1,1,1,1,0,0,0
46476972,46657220,ENSG00000167210,1,1,1,1,1,1,0,0,0,0,0,0,1,1,1,1,1,1,0,0,0
46667821,46759257,ENSG00000101638,1,1,1,1,1,1,0,0,0,0,0,0,1,1,1,1,1,1,0,0,0
46756487,46802449,ENSG00000270112,1,1,1,1,1,1,0,0,0,0,0,0,1,1,1,1,1,1,0,0,0
46786699,46789297,ENSG00000274776,1,1,1,1,1,1,0,0,0,0,0,0,1,1,1,1,1,1,0,0,0
46803218,46920160,ENSG00000078043,1,1,1,1,1,1,0,0,0,0,0,0,1,1,1,1,1,1,0,0,0
46852632,46853882,ENSG00000267587,1,1,1,1,1,1,0,0,0,0,0,0,1,1,1,1,1,1,0,0,0
46915021,46915623,ENSG00000279354,1,1,1,1,1,1,0,0,0,0,0,0,1,1,1,1,1,1,0,0,0
46917492,47103478,ENSG00000167216,1,1,1,1,1,1,0,0,0,0,0,0,1,1,1,1,1,1,0,0,0
47076117,47076594,ENSG00000280212,1,1,1,1,1,1,0,0,0,0,0,0,1,1,1,1,1,1,0,0,0
47077361,47091280,ENSG00000266957,1,1,1,1,1,1,0,0,0,0,0,0,1,1,1,1,1,1,0,0,0
47105946,47108062,ENSG00000267724,1,1,1,1,1,1,0,0,0,0,0,0,1,1,1,1,1,1,0,0,0
47107408,47150500,ENSG00000167220,1,1,1,1,1,1,0,0,0,0,0,0,1,1,1,1,1,1,0,0,0
47137018,47137290,ENSG00000267800,1,1,1,1,1,1,0,0,0,0,0,0,1,1,1,1,1,1,0,0,0
47152834,47176364,ENSG00000134049,0,0,0,0,0,0,1,1,1,1,1,1,0,0,0,0,0,0,1,1,1
47206169,47251660,ENSG00000215474,1,1,1,1,1,1,0,0,0,0,0,0,1,1,1,1,1,1,0,0,0
47263935,47282939,ENSG00000287673,0,0,0,1,1,1,0,0,0,0,0,0,0,0,0,0,0,0,0,0,0
47285725,47594550,ENSG00000267761,1,1,1,1,1,1,0,0,0,0,0,0,1,1,1,1,1,1,0,0,0
47630112,47630848,ENSG00000267156,1,1,1,1,1,1,0,0,0,0,0,0,1,1,1,1,1,1,0,0,0
47808957,47931146,ENSG00000175387,0,0,0,1,1,1,0,0,0,0,0,0,1,1,1,0,0,0,0,0,0
47853233,47853457,ENSG00000267541,1,1,1,1,1,1,0,0,0,0,0,0,1,1,1,1,1,1,0,0,0
47912207,47912504,ENSG00000279366,1,1,1,1,1,1,0,0,0,0,0,0,1,1,1,1,1,1,0,0,0
48026672,48410752,ENSG00000184828,1,1,1,1,1,1,0,0,0,0,0,0,1,1,1,1,1,1,0,0,0
48147634,48150864,ENSG00000278891,1,1,1,1,1,1,0,0,0,0,0,0,1,1,1,1,1,1,0,0,0
48162039,48184725,ENSG00000286583,1,1,1,1,1,1,0,0,0,0,0,0,1,1,1,1,1,1,0,0,0
48478282,48478491,ENSG00000277907,1,1,1,1,1,1,0,0,0,0,0,0,1,1,1,1,1,1,0,0,0
48539031,48863217,ENSG00000134030,1,1,1,1,1,1,0,0,0,0,0,0,1,1,1,1,1,1,0,0,0
48564795,48568342,ENSG00000278983,1,1,1,1,1,1,0,0,0,0,0,0,1,1,1,1,1,1,0,0,0
48670600,48670668,ENSG00000266276,1,1,1,1,1,1,0,0,0,0,0,0,1,1,1,1,1,1,0,0,0
48755693,48756318,ENSG00000279250,1,1,1,1,1,1,0,0,0,0,0,0,1,1,1,1,1,1,0,0,0
48826051,48834770,ENSG00000267764,1,1,1,1,1,1,0,0,0,0,0,0,1,1,1,1,1,1,0,0,0
48919853,48950965,ENSG00000101665,0,0,0,1,1,1,0,0,0,0,0,0,0,0,0,0,0,0,0,0,0
48962951,48963941,ENSG00000266905,1,1,1,1,1,1,0,0,0,0,0,0,1,1,1,1,1,1,0,0,0
49023703,49048474,ENSG00000264269,1,1,1,1,1,1,0,0,0,0,0,0,1,1,1,1,1,1,0,0,0
49036387,49461347,ENSG00000141627,0,0,0,0,0,0,1,1,1,0,0,0,0,0,0,0,0,0,1,1,1
49049687,49049768,ENSG00000263849,1,1,1,1,1,1,0,0,0,0,0,0,1,1,1,1,1,1,0,0,0
49431744,49447420,ENSG00000263895,1,1,1,1,1,1,0,0,0,0,0,0,1,1,1,1,1,1,0,0,0
49477243,49487252,ENSG00000177576,1,1,1,1,1,1,0,0,0,0,0,0,1,1,1,1,1,1,0,0,0
49481681,49492479,ENSG00000215472,1,1,1,1,1,1,0,0,0,0,0,0,1,1,1,1,1,1,0,0,0
49484536,49486149,ENSG00000263916,1,1,1,1,1,1,0,0,0,0,0,0,1,1,1,1,1,1,0,0,0
49487339,49491878,ENSG00000265496,1,1,1,1,1,1,0,0,0,0,0,0,1,1,1,1,1,1,0,0,0
49488453,49492508,ENSG00000265681,0,0,0,0,0,0,1,1,1,1,1,1,0,0,0,0,0,0,1,1,1
49495147,49496896,ENSG00000265182,1,1,1,1,1,1,0,0,0,0,0,0,1,1,1,1,1,1,0,0,0
49560699,49599185,ENSG00000101670,1,1,1,1,1,1,0,0,0,0,0,0,1,1,1,1,1,1,0,0,0
49782164,49813953,ENSG00000167315,0,0,0,0,0,0,1,1,1,1,1,1,0,0,0,0,0,0,1,1,1
49813965,49851059,ENSG00000267322,1,1,1,1,1,1,0,0,0,0,0,0,1,1,1,1,1,1,0,0,0
49822789,50195164,ENSG00000167306,1,1,1,1,1,1,0,0,0,0,0,0,1,1,1,1,1,1,0,0,0
50227193,50266495,ENSG00000172361,1,1,1,1,1,1,0,0,0,0,0,0,1,1,1,1,1,1,0,0,0
50256036,50256461,ENSG00000277310,1,1,1,1,1,1,0,0,0,0,0,0,1,1,1,1,1,1,0,0,0
50266882,50281774,ENSG00000141644,0,0,0,1,1,1,0,0,0,0,0,0,1,1,1,1,1,1,0,0,0
50282343,50287839,ENSG00000154832,1,1,1,1,1,1,0,0,0,0,0,0,1,1,1,1,1,1,0,0,0
50375040,50394168,ENSG00000154839,0,0,0,1,1,1,0,0,0,0,0,0,1,1,1,0,0,0,0,0,0
50560087,50731826,ENSG00000141639,1,1,1,1,1,1,0,0,0,0,0,0,1,1,1,1,1,1,0,0,0
50647315,50651212,ENSG00000287381,1,1,1,1,1,1,0,0,0,0,0,0,1,1,1,1,1,1,0,0,0
50795120,50825402,ENSG00000134042,1,1,1,1,1,1,0,0,0,0,0,0,1,1,1,1,1,1,0,0,0
50879080,50954257,ENSG00000082212,1,1,1,1,1,1,0,0,0,0,0,0,1,1,1,1,1,1,0,0,0
50967991,50988121,ENSG00000141642,1,1,1,1,1,1,0,0,0,0,0,0,1,1,1,1,1,1,0,0,0
50968019,51058144,ENSG00000267699,1,1,1,1,1,1,0,0,0,0,0,0,1,1,1,1,1,1,0,0,0
51028394,51085045,ENSG00000141646,0,0,0,0,0,0,1,1,1,0,0,0,0,0,0,0,0,0,1,1,1
51158282,51159383,ENSG00000267717,1,1,1,1,1,1,0,0,0,0,0,0,1,1,1,1,1,1,0,0,0
51174550,51218333,ENSG00000176624,0,0,0,0,0,0,1,1,1,1,1,1,0,0,0,0,0,0,1,1,1
51845007,51845628,ENSG00000215457,1,1,1,1,1,1,0,0,0,0,0,0,1,1,1,1,1,1,0,0,0
52340197,53535903,ENSG00000187323,1,1,1,1,1,1,0,0,0,0,0,0,1,1,1,1,1,1,0,0,0
52409042,52409257,ENSG00000280098,1,1,1,1,1,1,0,0,0,0,0,0,1,1,1,1,1,1,0,0,0
53480825,53581107,ENSG00000260433,1,1,1,1,1,1,0,0,0,0,0,0,1,1,1,1,1,1,0,0,0
53568439,53629990,ENSG00000263438,1,1,1,1,1,1,0,0,0,0,0,0,1,1,1,1,1,1,0,0,0
53605254,53605725,ENSG00000242945,1,1,1,1,1,1,0,0,0,0,0,0,1,1,1,1,1,1,0,0,0
54151606,54224669,ENSG00000134046,0,0,0,0,0,0,1,1,1,1,1,1,0,0,0,0,0,0,1,1,1
54222284,54222412,ENSG00000207233,1,1,1,1,1,1,0,0,0,0,0,0,1,1,1,1,1,1,0,0,0
54268346,54270028,ENSG00000277324,1,1,1,1,1,1,0,0,0,0,0,0,1,1,1,1,1,1,0,0,0
54269517,54321266,ENSG00000101751,1,1,1,1,1,1,0,0,0,0,0,0,1,1,1,1,1,1,0,0,0
54324358,54357964,ENSG00000174448,1,1,1,1,1,1,0,0,0,0,0,0,1,1,1,1,1,1,0,0,0
54357906,54385218,ENSG00000166845,1,1,1,1,1,1,0,0,0,0,0,0,1,1,1,1,1,1,0,0,0
54406889,54407114,ENSG00000264350,0,0,0,0,0,0,1,1,1,1,1,1,0,0,0,0,0,0,1,1,1
54412763,54424632,ENSG00000283613,1,1,1,1,1,1,0,0,0,0,0,0,1,1,1,1,1,1,0,0,0
54525434,54525563,ENSG00000264564,1,1,1,1,1,1,0,0,0,0,0,0,1,1,1,1,1,1,0,0,0
54587757,54599493,ENSG00000178690,1,1,1,1,1,1,0,0,0,0,0,0,1,1,1,1,1,1,0,0,0
54717860,54895516,ENSG00000041353,1,1,1,1,1,1,0,0,0,0,0,0,1,1,1,1,1,1,0,0,0
54879457,54880809,ENSG00000267311,1,1,1,1,1,1,0,0,0,0,0,0,1,1,1,1,1,1,0,0,0
54885866,54898083,ENSG00000267112,1,1,1,1,1,1,0,0,0,0,0,0,1,1,1,1,1,1,0,0,0
54901509,54959461,ENSG00000166510,1,1,1,1,1,1,0,0,0,0,0,0,1,1,1,1,1,1,0,0,0
55105904,55124306,ENSG00000267013,1,1,1,1,1,1,0,0,0,0,0,0,1,1,1,1,1,1,0,0,0
55222185,55664787,ENSG00000196628,0,0,0,0,0,0,1,1,1,1,1,1,0,0,0,0,0,0,1,1,1
55452533,55482940,ENSG00000267028,1,1,1,1,1,1,0,0,0,0,0,0,1,1,1,1,1,1,0,0,0
55479221,55479298,ENSG00000264571,1,1,1,1,1,1,0,0,0,0,0,0,1,1,1,1,1,1,0,0,0
55492175,55496392,ENSG00000267402,1,1,1,1,1,1,0,0,0,0,0,0,1,1,1,1,1,1,0,0,0
55589904,55839184,ENSG00000267284,1,1,1,1,1,1,0,0,0,0,0,0,1,1,1,1,1,1,0,0,0
55776727,55781722,ENSG00000267325,1,1,1,1,1,1,0,0,0,0,0,0,1,1,1,1,1,1,0,0,0
55817167,55819759,ENSG00000267172,1,1,1,1,1,1,0,0,0,0,0,0,1,1,1,1,1,1,0,0,0
55863960,55866550,ENSG00000287944,1,1,1,1,1,1,0,0,0,0,0,0,1,1,1,1,1,1,0,0,0
55881688,55998219,ENSG00000260930,1,1,1,1,1,1,0,0,0,0,0,0,1,1,1,1,1,1,0,0,0
55893038,56026082,ENSG00000267327,1,1,1,1,1,1,0,0,0,0,0,0,1,1,1,1,1,1,0,0,0
56003613,56191262,ENSG00000206129,1,1,1,1,1,1,0,0,0,0,0,0,1,1,1,1,1,1,0,0,0
56026388,56029186,ENSG00000287248,1,1,1,1,1,1,0,0,0,0,0,0,1,1,1,1,1,1,0,0,0
56031830,56135295,ENSG00000267057,1,1,1,1,1,1,0,0,0,0,0,0,1,1,1,1,1,1,0,0,0
56061109,56063078,ENSG00000267399,1,1,1,1,1,1,0,0,0,0,0,0,1,1,1,1,1,1,0,0,0
56083356,56137536,ENSG00000267712,1,1,1,1,1,1,0,0,0,0,0,0,1,1,1,1,1,1,0,0,0
56137573,56150102,ENSG00000267732,1,1,1,1,1,1,0,0,0,0,0,0,1,1,1,1,1,1,0,0,0
56597209,56651600,ENSG00000091164,0,0,0,1,1,1,0,0,0,0,0,0,1,1,1,1,1,1,0,0,0
56651343,57029811,ENSG00000091157,1,1,1,1,1,1,0,0,0,0,0,0,1,1,1,1,1,1,0,0,0
56872668,56873970,ENSG00000267146,1,1,1,1,1,1,0,0,0,0,0,0,1,1,1,1,1,1,0,0,0
56957270,56957469,ENSG00000212539,1,1,1,1,1,1,0,0,0,0,0,0,1,1,1,1,1,1,0,0,0
57046406,57047692,ENSG00000286777,1,1,1,1,1,1,0,0,0,0,0,0,1,1,1,1,1,1,0,0,0
57136322,57146998,ENSG00000267789,1,1,1,1,1,1,0,0,0,0,0,0,1,1,1,1,1,1,0,0,0
57352557,57371731,ENSG00000177511,1,1,1,1,1,1,0,0,0,0,0,0,1,1,1,1,1,1,0,0,0
57435374,57491298,ENSG00000119547,1,1,1,1,1,1,0,0,0,0,0,0,1,1,1,1,1,1,0,0,0
57544377,57586732,ENSG00000066926,0,0,0,0,0,0,1,1,1,0,0,0,1,1,1,0,0,0,0,0,0
57588611,57589091,ENSG00000278703,1,1,1,1,1,1,0,0,0,0,0,0,1,1,1,1,1,1,0,0,0
57600656,57622213,ENSG00000134440,0,0,0,0,0,0,1,1,1,1,1,1,0,0,0,0,0,0,1,1,1
57630280,57669296,ENSG00000267040,1,1,1,1,1,1,0,0,0,0,0,0,1,1,1,1,1,1,0,0,0
57639455,57738603,ENSG00000267787,1,1,1,1,1,1,0,0,0,0,0,0,1,1,1,1,1,1,0,0,0
57646426,57803315,ENSG00000081923,0,0,0,0,0,0,1,1,1,1,1,1,0,0,0,0,0,0,1,1,1
57838476,57838966,ENSG00000231544,1,1,1,1,1,1,0,0,0,0,0,0,1,1,1,1,1,1,0,0,0
57961231,57964434,ENSG00000267209,1,1,1,1,1,1,0,0,0,0,0,0,1,1,1,1,1,1,0,0,0
58018794,58019061,ENSG00000235028,1,1,1,1,1,1,0,0,0,0,0,0,1,1,1,1,1,1,0,0,0
58044226,58401540,ENSG00000049759,1,1,1,1,1,1,0,0,0,0,0,0,1,1,1,1,1,1,0,0,0
58189834,58195696,ENSG00000267743,1,1,1,1,1,1,0,0,0,0,0,0,1,1,1,1,1,1,0,0,0
58371566,58372666,ENSG00000267504,1,1,1,1,1,1,0,0,0,0,0,0,1,1,1,1,1,1,0,0,0
58398618,58400093,ENSG00000267396,1,1,1,1,1,1,0,0,0,0,0,0,1,1,1,1,1,1,0,0,0
58445788,58453766,ENSG00000267391,1,1,1,1,1,1,0,0,0,0,0,0,1,1,1,1,1,1,0,0,0
58476191,58477484,ENSG00000276403,1,1,1,1,1,1,0,0,0,0,0,0,1,1,1,1,1,1,0,0,0
58481247,58629091,ENSG00000198796,0,0,0,0,0,0,1,1,1,1,1,1,0,0,0,0,0,0,1,1,1
58511598,58512310,ENSG00000274354,1,1,1,1,1,1,0,0,0,0,0,0,1,1,1,1,1,1,0,0,0
58535415,58538552,ENSG00000267257,1,1,1,1,1,1,0,0,0,0,0,0,1,1,1,1,1,1,0,0,0
58659858,58660524,ENSG00000275418,1,1,1,1,1,1,0,0,0,0,0,0,1,1,1,1,1,1,0,0,0
58670009,58671877,ENSG00000267226,1,1,1,1,1,1,0,0,0,0,0,0,1,1,1,1,1,1,0,0,0
58671465,58754477,ENSG00000172175,0,0,0,0,0,0,1,1,1,1,1,1,0,0,0,0,0,0,1,1,1
58672613,58752730,ENSG00000267476,1,1,1,1,1,1,0,0,0,0,0,0,1,1,1,1,1,1,0,0,0
58690356,58692153,ENSG00000266946,1,1,1,1,1,1,0,0,0,0,0,0,1,1,1,1,1,1,0,0,0
58752179,58753898,ENSG00000267705,1,1,1,1,1,1,0,0,0,0,0,0,1,1,1,1,1,1,0,0,0
58754859,58757842,ENSG00000267501,1,1,1,1,1,1,0,0,0,0,0,0,1,1,1,1,1,1,0,0,0
58862600,58986480,ENSG00000074657,0,0,0,0,0,0,1,1,1,0,0,0,0,0,0,0,0,0,1,1,1
58926197,58926296,ENSG00000251870,1,1,1,1,1,1,0,0,0,0,0,0,1,1,1,1,1,1,0,0,0
58996734,59069338,ENSG00000224367,1,1,1,1,1,1,0,0,0,0,0,0,1,1,1,1,1,1,0,0,0
59081911,59085920,ENSG00000267215,1,1,1,1,1,1,0,0,0,0,0,0,1,1,1,1,1,1,0,0,0
59139866,59158832,ENSG00000166562,0,0,0,1,1,1,0,0,0,0,0,0,0,0,0,0,0,0,0,0,0
59220158,59230774,ENSG00000134443,1,1,1,1,1,1,0,0,0,0,0,0,1,1,1,1,1,1,0,0,0
59267035,59274086,ENSG00000134438,1,1,1,1,1,1,0,0,0,0,0,0,1,1,1,1,1,1,0,0,0
59327823,59359265,ENSG00000074695,0,0,0,0,0,0,1,1,1,1,1,1,0,0,0,0,0,0,1,1,1
59360700,59386749,ENSG00000267677,1,1,1,1,1,1,0,0,0,0,0,0,1,1,1,1,1,1,0,0,0
59430939,59697662,ENSG00000183287,0,0,0,0,0,0,1,1,1,1,1,1,0,0,0,0,0,0,1,1,1
59459072,59465682,ENSG00000267000,1,1,1,1,1,1,0,0,0,0,0,0,1,1,1,1,1,1,0,0,0
59563709,59568615,ENSG00000267061,1,1,1,1,1,1,0,0,0,0,0,0,1,1,1,1,1,1,0,0,0
59685820,59688400,ENSG00000267269,1,1,1,1,1,1,0,0,0,0,0,0,1,1,1,1,1,1,0,0,0
59696459,59698111,ENSG00000267774,1,1,1,1,1,1,0,0,0,0,0,0,1,1,1,1,1,1,0,0,0
59700523,59700946,ENSG00000273664,1,1,1,1,1,1,0,0,0,0,0,0,1,1,1,1,1,1,0,0,0
59761558,59761905,ENSG00000224161,1,1,1,1,1,1,0,0,0,0,0,0,1,1,1,1,1,1,0,0,0
59778572,59778989,ENSG00000267486,1,1,1,1,1,1,0,0,0,0,0,0,1,1,1,1,1,1,0,0,0
59821040,59825261,ENSG00000267669,1,1,1,1,1,1,0,0,0,0,0,0,1,1,1,1,1,1,0,0,0
59899996,59904305,ENSG00000141682,1,1,1,1,1,1,0,0,0,0,0,0,1,1,1,1,1,1,0,0,0
59969438,59971396,ENSG00000267497,1,1,1,1,1,1,0,0,0,0,0,0,1,1,1,1,1,1,0,0,0
60010281,60014258,ENSG00000267462,1,1,1,1,1,1,0,0,0,0,0,0,1,1,1,1,1,1,0,0,0
60016778,60017441,ENSG00000267742,1,1,1,1,1,1,0,0,0,0,0,0,1,1,1,1,1,1,0,0,0
60125033,60161195,ENSG00000267686,1,1,1,1,1,1,0,0,0,0,0,0,1,1,1,1,1,1,0,0,0
60149576,60150365,ENSG00000242060,1,1,1,1,1,1,0,0,0,0,0,0,1,1,1,1,1,1,0,0,0
60196555,60198172,ENSG00000267620,1,1,1,1,1,1,0,0,0,0,0,0,1,1,1,1,1,1,0,0,0
60329190,60540205,ENSG00000285681,1,1,1,1,1,1,0,0,0,0,0,0,1,1,1,1,1,1,0,0,0
60371062,60372775,ENSG00000166603,1,1,1,0,0,0,1,1,1,1,1,1,0,0,0,0,0,0,1,1,1
60519841,60520165,ENSG00000266915,1,1,1,1,1,1,0,0,0,0,0,0,1,1,1,1,1,1,0,0,0
60611773,60654623,ENSG00000267382,1,1,1,1,1,1,0,0,0,0,0,0,1,1,1,1,1,1,0,0,0
60628963,60902726,ENSG00000267098,1,1,1,1,1,1,0,0,0,0,0,0,1,1,1,1,1,1,0,0,0
61333430,61555779,ENSG00000101542,1,1,1,1,1,1,0,0,0,0,0,0,1,1,1,1,1,1,0,0,0
61404858,61405205,ENSG00000243256,1,1,1,1,1,1,0,0,0,0,0,0,1,1,1,1,1,1,0,0,0
61571342,61579456,ENSG00000267316,1,1,1,1,1,1,0,0,0,0,0,0,1,1,1,1,1,1,0,0,0
61585746,61607006,ENSG00000267279,1,1,1,1,1,1,0,0,0,0,0,0,1,1,1,1,1,1,0,0,0
61592375,61748832,ENSG00000267175,1,1,1,1,1,1,0,0,0,0,0,0,1,1,1,1,1,1,0,0,0
61748082,61758464,ENSG00000260440,1,1,1,1,1,1,0,0,0,0,0,0,1,1,1,1,1,1,0,0,0
61808067,61894247,ENSG00000176641,1,1,1,1,1,1,0,0,0,0,0,0,0,0,0,0,0,0,0,0,0
61905255,62187118,ENSG00000197563,1,1,1,1,1,1,0,0,0,0,0,0,1,1,1,1,1,1,0,0,0
62187255,62310249,ENSG00000134444,0,0,0,1,1,1,0,0,0,0,0,0,0,0,0,0,0,0,0,0,0
62245810,62247412,ENSG00000266900,1,1,1,1,1,1,0,0,0,0,0,0,1,1,1,1,1,1,0,0,0
62325287,62391288,ENSG00000141655,1,1,1,1,1,1,0,0,0,0,0,0,1,1,1,1,1,1,0,0,0
62415678,62416227,ENSG00000241088,1,1,1,1,1,1,0,0,0,0,0,0,1,1,1,1,1,1,0,0,0
62442028,62443126,ENSG00000266920,1,1,1,1,1,1,0,0,0,0,0,0,1,1,1,1,1,1,0,0,0
62523025,62587709,ENSG00000141664,1,1,1,1,1,1,0,0,0,0,0,0,1,1,1,1,1,1,0,0,0
62525919,62526793,ENSG00000278017,1,1,1,1,1,1,0,0,0,0,0,0,1,1,1,1,1,1,0,0,0
62551203,62552505,ENSG00000279236,1,1,1,1,1,1,0,0,0,0,0,0,1,1,1,1,1,1,0,0,0
62715541,62980433,ENSG00000081913,1,1,1,1,1,1,0,0,0,0,0,0,1,1,1,1,1,1,0,0,0
63123346,63320128,ENSG00000171791,1,1,1,1,1,1,0,0,0,0,0,0,1,1,1,1,1,1,0,0,0
63151114,63151320,ENSG00000267766,1,1,1,1,1,1,0,0,0,0,0,0,1,1,1,1,1,1,0,0,0
63327726,63367228,ENSG00000119537,0,0,0,0,0,0,1,1,1,1,1,1,0,0,0,0,0,0,1,1,1
63367295,63381631,ENSG00000267390,1,1,1,1,1,1,0,0,0,0,0,0,1,1,1,1,1,1,0,0,0
63389190,63422483,ENSG00000119541,0,0,0,0,0,0,1,1,1,1,1,1,0,0,0,0,0,0,1,1,1
63415317,63416469,ENSG00000267430,1,1,1,1,1,1,0,0,0,0,0,0,1,1,1,1,1,1,0,0,0
63476958,63505085,ENSG00000206075,1,1,1,1,1,1,0,0,0,0,0,0,1,1,1,1,1,1,0,0,0
63542369,63569329,ENSG00000166634,1,1,1,1,1,1,0,0,0,0,0,0,1,1,1,1,1,1,0,0,0
63637259,63644256,ENSG00000206073,1,1,1,1,1,1,0,0,0,0,0,0,1,1,1,1,1,1,0,0,0
63647579,63726432,ENSG00000206072,1,1,1,1,1,1,0,0,0,0,0,0,1,1,1,1,1,1,0,0,0
63655197,63661893,ENSG00000057149,1,1,1,1,1,1,0,0,0,0,0,0,1,1,1,1,1,1,0,0,0
63752935,63805376,ENSG00000166396,0,0,0,0,0,0,1,1,1,1,1,1,0,0,0,0,0,0,1,1,1
63871692,63903888,ENSG00000197632,0,0,0,1,1,1,0,0,0,0,0,0,1,1,1,0,0,0,0,0,0
63907958,63936111,ENSG00000242550,1,1,1,1,1,1,0,0,0,0,0,0,1,1,1,1,1,1,0,0,0
63949301,63981774,ENSG00000221887,1,1,1,1,1,1,0,0,0,0,0,0,1,1,1,1,1,1,0,0,0
63966406,63970181,ENSG00000283667,1,1,1,1,1,1,0,0,0,0,0,0,1,1,1,1,1,1,0,0,0
63970029,64019779,ENSG00000166401,0,0,0,1,1,1,0,0,0,0,0,0,0,0,0,0,0,0,0,0,0
64872264,64992828,ENSG00000286800,1,1,1,1,1,1,0,0,0,0,0,0,1,1,1,1,1,1,0,0,0
65750252,65890337,ENSG00000081138,1,1,1,1,1,1,0,0,0,0,0,0,1,1,1,1,1,1,0,0,0
65865262,65866397,ENSG00000263720,1,1,1,1,1,1,0,0,0,0,0,0,1,1,1,1,1,1,0,0,0
66501083,66604138,ENSG00000071991,1,1,1,1,1,1,0,0,0,0,0,0,1,1,1,1,1,1,0,0,0
67375133,67375305,ENSG00000265936,1,1,1,1,1,1,0,0,0,0,0,0,1,1,1,1,1,1,0,0,0
67481791,67484966,ENSG00000260578,1,1,1,1,1,1,0,0,0,0,0,0,1,1,1,1,1,1,0,0,0
67506587,67516720,ENSG00000171451,1,1,1,1,1,1,0,0,0,0,0,0,1,1,1,1,1,1,0,0,0
67516546,67899619,ENSG00000265533,1,1,1,1,1,1,0,0,0,0,0,0,1,1,1,1,1,1,0,0,0
67672221,67767051,ENSG00000263594,1,1,1,1,1,1,0,0,0,0,0,0,1,1,1,1,1,1,0,0,0
67808505,67814822,ENSG00000265555,1,1,1,1,1,1,0,0,0,0,0,0,1,1,1,1,1,1,0,0,0
67830671,67831967,ENSG00000265240,1,1,1,1,1,1,0,0,0,0,0,0,1,1,1,1,1,1,0,0,0
67940949,67956426,ENSG00000264634,1,1,1,1,1,1,0,0,0,0,0,0,1,1,1,1,1,1,0,0,0
68102087,68114878,ENSG00000264869,1,1,1,1,1,1,0,0,0,0,0,0,1,1,1,1,1,1,0,0,0
68237100,68495133,ENSG00000287907,1,1,1,1,1,1,0,0,0,0,0,0,1,1,1,1,1,1,0,0,0
68258080,68264827,ENSG00000264699,1,1,1,1,1,1,0,0,0,0,0,0,1,1,1,1,1,1,0,0,0
68277802,68278243,ENSG00000260747,1,1,1,1,1,1,0,0,0,0,0,0,1,1,1,1,1,1,0,0,0
68427030,68436918,ENSG00000265425,1,1,1,1,1,1,0,0,0,0,0,0,1,1,1,1,1,1,0,0,0
68673688,68715108,ENSG00000166479,0,0,0,0,0,0,1,1,1,1,1,1,0,0,0,0,0,0,1,1,1
68715209,69055189,ENSG00000150636,1,1,1,1,1,1,0,0,0,0,0,0,1,1,1,1,1,1,0,0,0
68721082,68721560,ENSG00000276092,1,1,1,1,1,1,0,0,0,0,0,0,1,1,1,1,1,1,0,0,0
68858934,68859040,ENSG00000207072,1,1,1,1,1,1,0,0,0,0,0,0,1,1,1,1,1,1,0,0,0
68866517,68867028,ENSG00000264444,1,1,1,1,1,1,0,0,0,0,0,0,1,1,1,1,1,1,0,0,0
68908048,68908599,ENSG00000273584,1,1,1,1,1,1,0,0,0,0,0,0,1,1,1,1,1,1,0,0,0
68992718,68993375,ENSG00000264236,1,1,1,1,1,1,0,0,0,0,0,0,1,1,1,1,1,1,0,0,0
69212277,69214350,ENSG00000264705,1,1,1,1,1,1,0,0,0,0,0,0,1,1,1,1,1,1,0,0,0
69398726,69399249,ENSG00000278532,1,1,1,1,1,1,0,0,0,0,0,0,1,1,1,1,1,1,0,0,0
69400888,69849087,ENSG00000206052,1,1,1,1,1,1,0,0,0,0,0,0,1,1,1,1,1,1,0,0,0
69469517,69471736,ENSG00000264845,1,1,1,1,1,1,0,0,0,0,0,0,1,1,1,1,1,1,0,0,0
69659837,69663413,ENSG00000279221,1,1,1,1,1,1,0,0,0,0,0,0,1,1,1,1,1,1,0,0,0
69704978,69724975,ENSG00000266840,1,1,1,1,1,1,0,0,0,0,0,0,1,1,1,1,1,1,0,0,0
69831158,69961803,ENSG00000150637,1,1,1,1,1,1,0,0,0,0,0,0,1,1,1,1,1,1,0,0,0
70003031,70205726,ENSG00000176225,1,1,1,1,1,1,0,0,0,0,0,0,1,1,1,1,1,1,0,0,0
70205774,70208781,ENSG00000287646,1,1,1,1,1,1,0,0,0,0,0,0,1,1,1,1,1,1,0,0,0
70289045,70330199,ENSG00000170677,0,0,0,0,0,0,1,1,1,1,1,1,0,0,0,0,0,0,1,1,1
70335439,70352459,ENSG00000266258,1,1,1,1,1,1,0,0,0,0,0,0,1,1,1,1,1,1,0,0,0
70335501,70337310,ENSG00000266304,1,1,1,1,1,1,0,0,0,0,0,0,1,1,1,1,1,1,0,0,0
70380140,70384591,ENSG00000266278,1,1,1,1,1,1,0,0,0,0,0,0,1,1,1,1,1,1,0,0,0
70489630,70491205,ENSG00000278971,1,1,1,1,1,1,0,0,0,0,0,0,1,1,1,1,1,1,0,0,0
70512727,70513008,ENSG00000239748,1,1,1,1,1,1,0,0,0,0,0,0,1,1,1,1,1,1,0,0,0
71028770,71033056,ENSG00000265639,1,1,1,1,1,1,0,0,0,0,0,0,1,1,1,1,1,1,0,0,0
71137829,71208366,ENSG00000287693,1,1,1,1,1,1,0,0,0,0,0,0,1,1,1,1,1,1,0,0,0
71519962,71578956,ENSG00000260676,1,1,1,1,1,1,0,0,0,0,0,0,1,1,1,1,1,1,0,0,0
72536680,72638521,ENSG00000141668,1,1,1,1,1,1,0,0,0,0,0,0,1,1,1,1,1,1,0,0,0
72742314,72868146,ENSG00000166342,1,1,1,1,1,1,0,0,0,0,0,0,1,1,1,1,1,1,0,0,0
72868388,72881404,ENSG00000263958,1,1,1,1,1,1,0,0,0,0,0,0,1,1,1,1,1,1,0,0,0
73151241,73264480,ENSG00000263711,1,1,1,1,1,1,0,0,0,0,0,0,1,1,1,1,1,1,0,0,0
74073353,74147843,ENSG00000141665,1,1,1,1,1,1,0,0,0,0,0,0,1,1,1,1,1,1,0,0,0
74148523,74160531,ENSG00000075336,1,1,1,1,1,1,0,0,0,0,0,0,1,1,1,1,1,1,0,0,0
74250846,74291973,ENSG00000166347,1,1,1,1,1,1,0,0,0,1,1,1,1,1,1,1,1,1,1,1,1
74293217,74298662,ENSG00000286529,1,1,1,1,1,1,0,0,0,0,0,0,1,1,1,1,1,1,0,0,0
74315839,74359189,ENSG00000206043,1,1,1,1,1,1,0,0,0,0,0,0,1,1,1,1,1,1,0,0,0
74389884,74390297,ENSG00000235297,1,1,1,1,1,1,0,0,0,0,0,0,1,1,1,1,1,1,0,0,0
74434775,74457944,ENSG00000187773,1,1,1,1,1,1,0,0,0,0,0,0,1,1,1,1,1,1,0,0,0
74495816,74523454,ENSG00000133313,1,1,1,1,1,1,0,0,0,0,0,0,1,1,1,1,1,1,0,0,0
74504766,74505248,ENSG00000276934,1,1,1,1,1,1,0,0,0,0,0,0,1,1,1,1,1,1,0,0,0
74534500,74587212,ENSG00000150656,1,1,1,1,1,1,0,0,0,0,0,0,1,1,1,1,1,1,0,0,0
74590317,74598885,ENSG00000264247,1,1,1,1,1,1,0,0,0,0,0,0,1,1,1,1,1,1,0,0,0
74597870,75065671,ENSG00000215421,1,1,1,1,1,1,0,0,0,0,0,0,1,1,1,1,1,1,0,0,0
75073543,75074205,ENSG00000273669,1,1,1,1,1,1,0,0,0,0,0,0,1,1,1,1,1,1,0,0,0
75195113,75209139,ENSG00000180011,0,0,0,1,1,1,0,0,0,0,0,0,1,1,1,0,0,0,0,0,0
75210755,75289950,ENSG00000179981,0,0,0,1,1,1,0,0,0,0,0,0,1,1,1,1,1,1,0,0,0
75407012,75426607,ENSG00000264116,1,1,1,1,1,1,0,0,0,0,0,0,1,1,1,1,1,1,0,0,0
75409476,75427703,ENSG00000206026,1,1,1,1,1,1,0,0,0,0,0,0,1,1,1,1,1,1,0,0,0
75455787,75468835,ENSG00000287281,1,1,1,1,1,1,0,0,0,0,0,0,1,1,1,1,1,1,0,0,0
75472794,75474772,ENSG00000286603,1,1,1,1,1,1,0,0,0,0,0,0,1,1,1,1,1,1,0,0,0
75642494,75656016,ENSG00000287993,1,1,1,1,1,1,0,0,0,0,0,0,1,1,1,1,1,1,0,0,0
76232927,76252044,ENSG00000266014,1,1,1,1,1,1,0,0,0,0,0,0,1,1,1,1,1,1,0,0,0
76357682,76495242,ENSG00000101493,0,0,0,1,1,1,0,0,0,0,0,0,1,1,1,1,1,1,0,0,0
76385642,76389406,ENSG00000280205,1,1,1,1,1,1,0,0,0,0,0,0,1,1,1,1,1,1,0,0,0
76491629,76493920,ENSG00000265778,1,1,1,1,1,1,0,0,0,0,0,0,1,1,1,1,1,1,0,0,0
76495521,76498088,ENSG00000275763,1,1,1,1,1,1,0,0,0,0,0,0,1,1,1,1,1,1,0,0,0
76528652,76670111,ENSG00000266256,1,1,1,1,1,1,0,0,0,0,0,0,1,1,1,1,1,1,0,0,0
76615160,76617645,ENSG00000286090,1,1,1,1,1,1,0,0,0,0,0,0,1,1,1,1,1,1,0,0,0
76622136,76639030,ENSG00000266312,1,1,1,1,1,1,0,0,0,0,0,0,1,1,1,1,1,1,0,0,0
76794732,76822295,ENSG00000264278,1,1,1,1,1,1,0,0,0,0,0,0,1,1,1,1,1,1,0,0,0
76800664,76800774,ENSG00000252097,1,1,1,1,1,1,0,0,0,0,0,0,1,1,1,1,1,1,0,0,0
76805151,76805736,ENSG00000278107,1,1,1,1,1,1,0,0,0,0,0,0,1,1,1,1,1,1,0,0,0
76822557,76972901,ENSG00000130856,1,1,1,1,1,1,0,0,0,0,0,0,1,1,1,1,1,1,0,0,0
76834429,76834888,ENSG00000244229,1,1,1,1,1,1,0,0,0,0,0,0,1,1,1,1,1,1,0,0,0
76884935,76888724,ENSG00000265261,1,1,1,1,1,1,0,0,0,0,0,0,1,1,1,1,1,1,0,0,0
76974690,76984162,ENSG00000266844,1,1,1,1,1,1,0,0,0,0,0,0,1,1,1,1,1,1,0,0,0
76978827,77133683,ENSG00000197971,1,1,1,1,1,1,0,0,0,0,0,0,1,1,1,1,1,1,0,0,0
77002849,77006846,ENSG00000279811,1,1,1,1,1,1,0,0,0,0,0,0,1,1,1,1,1,1,0,0,0
77093086,77093446,ENSG00000275178,1,1,1,1,1,1,0,0,0,0,0,0,1,1,1,1,1,1,0,0,0
77108284,77110537,ENSG00000279433,1,1,1,1,1,1,0,0,0,0,0,0,1,1,1,1,1,1,0,0,0
77112602,77115726,ENSG00000278330,1,1,1,1,1,1,0,0,0,0,0,0,1,1,1,1,1,1,0,0,0
77180106,77235430,ENSG00000265844,1,1,1,1,1,1,0,0,0,0,0,0,1,1,1,1,1,1,0,0,0
77249848,77277900,ENSG00000166573,1,1,1,1,1,1,0,0,0,0,0,0,1,1,1,1,1,1,0,0,0
77435253,77437242,ENSG00000264736,1,1,1,1,1,1,0,0,0,0,0,0,1,1,1,1,1,1,0,0,0
78137223,78140887,ENSG00000266213,1,1,1,1,1,1,0,0,0,0,0,0,1,1,1,1,1,1,0,0,0
78925064,78927441,ENSG00000265101,1,1,1,1,1,1,0,0,0,0,0,0,1,1,1,1,1,1,0,0,0
79069285,79378287,ENSG00000166377,1,1,1,1,1,1,0,0,0,0,0,0,1,1,1,1,1,1,0,0,0
79117207,79117920,ENSG00000267655,1,1,1,1,1,1,0,0,0,0,0,0,1,1,1,1,1,1,0,0,0
79144752,79146918,ENSG00000279474,1,1,1,1,1,1,0,0,0,0,0,0,1,1,1,1,1,1,0,0,0
79185801,79191559,ENSG00000286245,1,1,1,1,1,1,0,0,0,0,0,0,1,1,1,1,1,1,0,0,0
79253577,79254856,ENSG00000267628,1,1,1,1,1,1,0,0,0,0,0,0,1,1,1,1,1,1,0,0,0
79340258,79343972,ENSG00000267015,1,1,1,1,1,1,0,0,0,0,0,0,1,1,1,1,1,1,0,0,0
79352458,79354567,ENSG00000279077,1,1,1,1,1,1,0,0,0,0,0,0,1,1,1,1,1,1,0,0,0
79395856,79529325,ENSG00000131196,1,1,1,1,1,1,0,0,0,0,0,0,1,1,1,1,1,1,0,0,0
79420836,79422780,ENSG00000279637,1,1,1,1,1,1,0,0,0,0,0,0,1,1,1,1,1,1,0,0,0
79460378,79465843,ENSG00000286186,1,1,1,1,1,1,0,0,0,0,0,0,1,1,1,1,1,1,0,0,0
79496058,79498348,ENSG00000279981,1,1,1,1,1,1,0,0,0,0,0,0,1,1,1,1,1,1,0,0,0
79539574,79540840,ENSG00000286296,1,1,1,1,1,1,0,0,0,0,0,0,1,1,1,1,1,1,0,0,0
79610747,79612303,ENSG00000267409,1,1,1,1,1,1,0,0,0,0,0,0,1,1,1,1,1,1,0,0,0
79679803,79754503,ENSG00000060069,1,1,1,1,1,1,0,0,0,0,0,0,1,1,1,1,1,1,0,0,0
79797938,79900184,ENSG00000178342,1,1,1,1,1,1,0,0,0,0,0,0,1,1,1,1,1,1,0,0,0
79900555,79900903,ENSG00000278075,1,1,1,1,1,1,0,0,0,0,0,0,1,1,1,1,1,1,0,0,0
79902420,79951657,ENSG00000122490,0,0,0,0,0,0,1,1,1,1,1,1,0,0,0,0,0,0,1,1,1
79959579,79963178,ENSG00000287879,1,1,1,1,1,1,0,0,0,0,0,0,1,1,1,1,1,1,0,0,0
79964582,79970822,ENSG00000226742,1,1,1,1,1,1,0,0,0,0,0,0,1,1,1,1,1,1,0,0,0
79970813,80033949,ENSG00000141759,0,0,0,0,0,0,1,1,1,1,1,1,0,0,0,0,0,0,1,1,1
80034346,80097088,ENSG00000267127,1,1,1,1,1,1,0,0,0,0,0,0,1,1,1,1,1,1,0,0,0
80034389,80050651,ENSG00000101546,1,1,1,1,1,1,0,0,0,0,0,0,1,1,1,1,1,1,0,0,0
80046900,80095482,ENSG00000261126,1,1,1,1,1,1,0,0,0,0,0,0,1,1,1,1,1,1,0,0,0
80109262,80147523,ENSG00000101544,0,0,0,1,1,1,0,0,0,0,0,0,1,1,1,0,0,0,0,0,0
80147908,80179839,ENSG00000267270,1,1,1,1,1,1,0,0,0,0,0,0,1,1,1,1,1,1,0,0,0
80157232,80247514,ENSG00000178184,1,1,1,1,1,1,0,0,0,0,0,0,1,1,1,1,1,1,0,0,0
80161752,80162413,ENSG00000278000,1,1,1,1,1,1,0,0,0,0,0,0,1,1,1,1,1,1,0,0,0
80183680,80202992,ENSG00000267251,1,1,1,1,1,1,0,0,0,0,0,0,1,1,1,1,1,1,0,0,0
