,HGPS_917_NT_1,HGPS_478_NT_1,HGPS_297_NT_1,StartPos,EndPos,Gene_ID,labels,mean_value
0,0.00016320571149269712,0.0002480236179492919,0.00023027617142915049,41798225,41879482,ENSG00000141956,0,0.0002138351669570465
1,0.001849889411934762,0.0017654031050124584,0.0014191042783652764,44300051,44327376,ENSG00000141959,0,0.0016781322651041655
2,0.0003170743919428109,1.2010938367407704e-05,0.00012824213780374155,31873020,32044633,ENSG00000142149,0,0.00015244248937132005
7,1.1004554207944626e-05,7.920303369305874e-05,5.515171764873518e-05,43414483,43427131,ENSG00000142178,0,4.845310184991285e-05
8,0.0,0.0,0.0,44350163,44443081,ENSG00000142185,0,0.0
9,0.0032795199547181555,0.002337226809172186,0.0021860991975275797,33432485,33479974,ENSG00000142188,0,0.002600948653805974
11,0.001577788564863198,0.0020763770442015724,0.0011906225683770643,36156782,36294274,ENSG00000142197,0,0.0016149293924806116
12,0.001414936438152576,0.001351820804441277,0.001305294255538966,32311018,32393012,ENSG00000142207,0,0.0013573504993776063
13,0.0,4.28342253171987e-06,3.976920493489667e-06,17513043,17593579,ENSG00000154639,0,2.753447675069846e-06
15,0.0020713051053794264,0.0011553542272310867,0.0013917956873417251,17788974,17819386,ENSG00000154642,0,0.001539485006650746
16,0.0,8.338340815108859e-06,7.741687180631287e-06,17901263,18267373,ENSG00000154645,0,5.360009331913382e-06
17,0.0,0.0,1.0978925880361148e-05,18269116,18485879,ENSG00000154646,0,3.6596419601203827e-06
18,0.0002940723302409299,0.00022721525645623674,0.0007744714003714693,20998409,21543329,ENSG00000154654,0,0.00043191966235621193
20,0.0005639856958215368,0.00047270273819393147,0.0012562387206867707,25639258,25717562,ENSG00000154721,0,0.000764309051567413
26,5.5288067526522995e-06,0.0,9.236272787300131e-06,14485228,14658821,ENSG00000155307,0,4.921693179984144e-06
28,0.002981589415615274,0.002067480017786338,0.0020622755751069067,28872191,28885371,ENSG00000156239,0,0.002370448336169506
29,0.0033021645170171255,0.004429518207541154,0.0033255026781590868,29004384,29019360,ENSG00000156253,0,0.0036857284675724557
32,0.0017091890947333198,0.0016386221600708639,0.0016867360602868156,29077471,29175889,ENSG00000156265,0,0.0016781824383636666
34,0.00037326644080410733,0.0011669524149964796,0.00124713736504352,31118416,31559977,ENSG00000156299,0,0.0009291187402813691
35,0.0007482065542242557,0.0006817629394984963,0.0006970782180038766,31671000,31732118,ENSG00000156304,0,0.0007090159039088761
36,0.004684832947105682,0.004356182830766586,0.004008431699553334,37223420,37267919,ENSG00000157538,0,0.0043498158258085335
37,0.002320084613928471,0.0016613534040178343,0.0019719337307242766,37365573,37526358,ENSG00000157540,0,0.0019844572495568607
38,2.4392445249711307e-05,4.90534330102172e-05,5.99255156444231e-05,37607373,38121345,ENSG00000157542,0,4.445713130145054e-05
39,3.880642790026613e-05,8.977543673739548e-05,7.177491406118637e-05,38155549,38307357,ENSG00000157551,0,6.678559289961599e-05
40,0.00019660734109541004,0.0003809726514615219,8.526985114586813e-05,38380027,38661780,ENSG00000157554,0,0.00022094994790093335
41,0.0009734176793059766,0.001492397130551831,0.000976661160282898,38805183,38824955,ENSG00000157557,0,0.001147491990046902
42,0.000269932793666858,0.00012804727790213013,0.00022957063769834878,39405728,39445805,ENSG00000157578,0,0.00020918356975577895
43,0.0001829941327650804,9.279307398815831e-05,0.000166748171592277,41420020,41470071,ENSG00000157601,0,0.00014751179278183857
44,0.0031852069621613973,0.004847902710028671,0.0031295862174651173,41885112,41954018,ENSG00000157617,0,0.0037208986298850615
45,0.0008630519454118263,0.0013702148243086788,0.0014135205078168625,32268228,32279049,ENSG00000159055,0,0.0012155957591791224
46,0.0005783246403267232,0.0006253107379766147,0.00042988499479620435,32592079,32612603,ENSG00000159079,0,0.0005445067910331808
47,0.00098140090498329,0.001026884968944443,0.0007365876056992215,32628759,32728040,ENSG00000159082,0,0.0009149578265423182
48,0.001997774644071654,0.0017720584335673918,0.00173573039096553,32733899,32771792,ENSG00000159086,0,0.0018351878228681916
49,0.0010127218493032946,0.0012632532009751894,0.0007421197112061544,33205282,33265675,ENSG00000159110,0,0.001006031587161546
51,0.0031104156234941023,0.002891489355397058,0.0028637659237043143,33503931,33543491,ENSG00000159131,0,0.002955223634198491
53,0.0019105798530245656,0.002284489245455489,0.0019709814329781816,33559542,33588706,ENSG00000159147,0,0.0020553501771527452
54,2.7275796991315438e-05,2.4538998910459518e-05,0.0,34364006,34371381,ENSG00000159197,0,1.7271598633924984e-05
56,0.0,0.0,6.2033773524710695e-06,34668994,34718227,ENSG00000159212,0,2.06779245082369e-06
57,0.0022695673340900778,0.0013016131689562698,0.0021417386099262027,34787801,36004667,ENSG00000159216,0,0.00190430637099085
61,0.0003313763516973192,0.00023749077820078135,0.0002533369942411895,36385392,36419015,ENSG00000159259,0,0.0002740680413797633
62,4.813914811231951e-05,5.413620486895687e-05,0.0,36460621,36576569,ENSG00000159261,0,3.409178432709213e-05
63,1.4950124286278417e-05,1.00875443680128e-05,0.0001061448852600861,36699115,36749917,ENSG00000159263,0,4.37275179714591e-05
64,0.0030849784708223854,0.0032241174639383724,0.003940380240167859,36748626,36990236,ENSG00000159267,0,0.003416492058309539
65,1.4050087784408863e-05,2.52806612112227e-05,3.911948527430885e-06,42199689,42297244,ENSG00000160179,0,1.4414232507687482e-05
66,0.0,2.2080897473916092e-05,0.0,42311667,42315409,ENSG00000160180,0,7.36029915797203e-06
67,0.0,0.0,4.8787771307241975e-06,42371887,42396091,ENSG00000160183,0,1.6262590435747326e-06
68,1.6730004406840226e-05,1.5051350019693405e-05,0.0,42496008,42581440,ENSG00000160190,0,1.0593784808844544e-05
69,0.0,2.930182316104536e-05,1.360255881709648e-05,42653621,42775509,ENSG00000160191,0,1.4301460659380613e-05
70,0.0005549100518241293,0.0007441375255115673,0.000638417724832468,42843094,42879568,ENSG00000160193,0,0.0006458217673893882
71,0.0030963104573829767,0.002793766192414127,0.0026844720272290283,42879644,42913304,ENSG00000160194,0,0.0028581828923420444
72,0.0017378415624463145,0.0017123719829160522,0.001794071166195005,42974510,43033931,ENSG00000160199,0,0.0017480949038524575
73,0.00012673237257763878,0.00010261467351320126,0.0001623153139130581,43053191,43076943,ENSG00000160200,0,0.00013055412000129938
74,2.8421404952263556e-05,3.0218687663070988e-05,3.453092348110675e-05,43092956,43107570,ENSG00000160201,0,3.105700536548043e-05
75,0.00015016690795085472,0.0002566889836963728,0.0006647915049186796,43529186,43659488,ENSG00000160207,0,0.00035721579885530236
76,0.003938577652253607,0.003597212400742416,0.003089950914187317,43659560,43696079,ENSG00000160208,0,0.00354191365572778
77,0.002702559332298953,0.003126382181153537,0.002735829072408406,43719094,43762307,ENSG00000160209,0,0.0028549235286202987
78,0.004029870484191971,0.003233938143815171,0.002344357065094496,43772511,43776330,ENSG00000160213,0,0.003202721897700546
79,0.0008834060237841524,0.0009707076132985804,0.000839287361304268,43789513,43805293,ENSG00000160214,0,0.000897800332795667
80,0.0024837630907698456,0.002621980581446737,0.002027988145649682,43865223,43987592,ENSG00000160216,0,0.0023779106059554213
81,0.0007100151741130121,0.0007035142713173238,0.0007954296584755179,44012309,44106552,ENSG00000160218,0,0.0007363197013019513
82,0.0003679401023844456,0.0006166091233516496,0.0002982960492389496,44133610,44210114,ENSG00000160221,0,0.0004276150916583483
83,0.0,0.0,0.0,44215382,44241446,ENSG00000160223,0,0.0
84,0.0,0.0,0.0,44285838,44298648,ENSG00000160224,0,0.0
85,0.00042553482419971074,0.0005274650336363615,0.0003988864882791334,44328944,44339402,ENSG00000160226,0,0.0004506287820384019
86,0.00021089394276085365,1.7649607124045787e-05,1.2290010731862497e-05,44455510,44462196,ENSG00000160233,0,8.027785353892064e-05
87,0.0002378819585810191,0.0006007392729324761,0.0006902194504458464,44885953,44931989,ENSG00000160255,0,0.0005096135606531138
88,0.0034604998497601066,0.0036843554159391276,0.002531332525888833,44940012,44976989,ENSG00000160256,0,0.0032253959305293557
89,2.588040600898285e-05,3.104482440213586e-05,1.4411698958504864e-05,46136160,46155579,ENSG00000160282,0,2.3778976456541192e-05
90,9.830042879278806e-05,0.00011054645470192071,0.0001026362509867796,46161148,46184476,ENSG00000160284,0,0.00010382771149382946
91,0.0012475907350171166,0.0011010307768782304,0.0008502175479249371,46188141,46228824,ENSG00000160285,0,0.0010662796866067613
92,0.0036155593759956742,0.003977717884357369,0.004403685040185226,46235133,46286297,ENSG00000160294,0,0.003998987433512757
93,0.00018877520079191084,0.00017468627718016737,0.00031536267541139567,46300181,46323875,ENSG00000160298,0,0.0002262747177944913
94,0.0007190725795164532,0.000642491323078855,0.0009503141723217419,46324124,46445769,ENSG00000160299,0,0.0007706260249723501
95,0.0011960153482728738,0.0010197721635665843,0.0010216410056789744,46458891,46570015,ENSG00000160305,0,0.0010791428391728108
96,0.0,0.0,1.3258602895212199e-05,46598604,46605208,ENSG00000160307,0,4.419534298404066e-06
97,0.00388358128915109,0.0022795222777158915,0.0021856972196570286,46635595,46665124,ENSG00000160310,0,0.0027829335955080036
98,8.763944363471207e-06,0.0,7.320402715792349e-06,26466209,26573286,ENSG00000166265,0,5.361449026421186e-06
99,0.0001580529992393265,0.00031401237267660845,0.0003135463203185908,32412006,32515397,ENSG00000166979,0,0.00026187056407817527
100,2.1297817925637724e-05,1.916083787766216e-05,0.00017789775207786146,32291813,32314784,ENSG00000170262,0,7.278546929372045e-05
101,6.757864761955259e-06,1.2159589091036078e-05,0.0,29536933,29940033,ENSG00000171189,0,6.305817950997113e-06
102,1.0004722065626649e-05,3.0002893406928973e-06,1.6713613834844564e-05,40010999,40847158,ENSG00000171587,0,9.90620841372137e-06
103,0.002986872318576098,0.0024504482435897617,0.0028869481962875156,41986831,42010387,ENSG00000173276,0,0.002774756252817792
104,0.000451627476030153,0.0005670004906190908,0.0003452688971459985,45493572,45573365,ENSG00000173638,0,0.0004546322879317474
105,0.0,0.0,0.0,29748175,29764002,ENSG00000174680,0,0.0
106,0.0,3.539408255368859e-05,0.0,13384249,13427773,ENSG00000175302,0,1.1798027517896197e-05
107,0.0,5.780028894413094e-06,0.0,44497893,44711572,ENSG00000175894,0,1.9266762981376982e-06
108,6.809231061333972e-05,0.00018378019900926478,0.00039813601393666156,28997613,28998033,ENSG00000176054,0,0.00021666950785308872
109,0.0,0.0,0.0,42062959,42143453,ENSG00000177398,0,0.0
110,1.1559218431075494e-05,0.0,2.8965771107736218e-05,33485530,33491716,ENSG00000177692,0,1.350832984627057e-05
111,0.0,0.0,0.00011834450119688096,28013363,28023233,ENSG00000178457,0,3.9448167065626984e-05
112,1.522673303461115e-05,4.109674054855273e-05,4.239560663349348e-06,34446688,34512214,ENSG00000180509,0,2.0187678082171076e-05
114,0.0020473960255983177,0.0020001883205881233,0.00209820503736791,39377698,39428528,ENSG00000182093,0,0.0020485964611847833
116,0.00213172008664269,0.0018462668923607194,0.002670894849414672,46286342,46297751,ENSG00000182362,0,0.002216293942806027
117,0.00019727733427804954,8.87414637461055e-05,0.00020597881668993793,45234308,45264548,ENSG00000182586,0,0.00016399920490469766
120,9.473517081845553e-06,1.7045927485570452e-05,3.9565494549440684e-05,44517216,44525952,ENSG00000182912,0,2.2028313038952226e-05
121,0.0,0.0,0.0,39867438,39929397,ENSG00000183036,0,0.0
122,7.572378840232419e-05,9.732259736590138e-06,3.614345299479718e-05,39745183,39802081,ENSG00000183067,0,4.05331670445705e-05
123,0.0,0.0,1.0968867005544965e-05,37006150,37019662,ENSG00000183145,0,3.6562890018483216e-06
124,0.00035935007767592795,0.000323293621468456,0.00037762088938034336,44932814,44939941,ENSG00000183250,0,0.00035342152950824246
126,0.0005924675300893952,0.0005908179503793611,0.0003279325340515219,41739369,41767089,ENSG00000183421,0,0.0005037393381734261
127,8.824646450881697e-06,3.9695992990875664e-06,7.37110575309007e-06,41361999,41409393,ENSG00000183486,0,6.721783834353111e-06
128,0.0014786346442807962,0.0020493370966068064,0.0014131132666932035,39174769,39183488,ENSG00000183527,0,0.0016470283358602687
129,0.0,0.0,0.0,45419716,45425070,ENSG00000183535,0,0.0
130,9.236540438246317e-05,7.5543314758744e-06,3.50688922651665e-06,45643694,45942454,ENSG00000183570,0,3.447554169495141e-05
131,5.0050392031782136e-05,1.4409099710346246e-05,3.678963799283031e-05,39556442,39673137,ENSG00000183778,0,3.37497099116529e-05
132,0.0,0.0,6.255234383382669e-06,41304212,41357727,ENSG00000183844,0,2.085078127794223e-06
133,0.0,0.0,0.0,41464300,41531116,ENSG00000184012,0,0.0
134,0.0,0.0,1.03078076263675e-05,45300245,45305257,ENSG00000184274,0,3.4359358754558335e-06
135,0.0001646007269821822,0.0001777020297896892,0.00016498647726174864,44331234,44335851,ENSG00000184441,0,0.00016909641134454
136,0.0,0.0,0.0,30613431,30613930,ENSG00000184724,0,0.0
138,0.0001752298798420096,1.0062617507809405e-05,0.00012145356500996197,39597147,39612910,ENSG00000184809,0,0.00010224868745326032
139,0.0,0.0,0.0,22098616,22116605,ENSG00000184856,0,0.0
141,0.0,0.0,0.0,43461960,43479534,ENSG00000185186,0,0.0
142,0.0,1.0928173006304555e-05,0.0,14216130,14228372,ENSG00000185272,0,3.6427243354348516e-06
143,6.9411285779994406e-06,3.7468021128605546e-05,0.0,25385388,25431701,ENSG00000185433,0,1.4803049902201661e-05
144,3.835031803318198e-05,6.900464974769902e-05,8.008373733446163e-05,39445855,39515506,ENSG00000185437,0,6.247956837178088e-05
145,0.0035873405481398465,0.003963557856991303,0.003955757922290486,39184176,39321559,ENSG00000185658,0,0.003835552109140545
146,0.0018488914322238256,0.0012532295650750636,0.001426487145528027,37062846,37073170,ENSG00000185808,0,0.001509536047608972
147,0.0009951586513006559,0.0007572947877031635,0.0008378134659871411,36034541,36079389,ENSG00000185917,0,0.0008634223016636536
148,0.003902449062385481,0.003158916806663058,0.0036191237017933605,45263928,45287898,ENSG00000186866,0,0.003560163190280633
149,0.0,0.0,0.0,30746794,30747259,ENSG00000187026,0,0.0
150,0.0,0.0,0.0,10413477,10516431,ENSG00000187172,0,0.0
151,0.0001241527185879099,0.000245730071199511,0.0004874043994718582,9068325,9129773,ENSG00000188681,0,0.00028576239641975965
152,0.0,0.0,0.0,14108813,14210955,ENSG00000188992,0,0.0
153,0.0,0.0,2.0571337690277258e-05,36050214,36051377,ENSG00000189089,0,6.8571125634257525e-06
154,0.0004935184835838141,0.00047736399161781506,0.0006910200861411507,45073853,45226560,ENSG00000197381,0,0.0005539675204475933
155,0.0,0.0,0.0,30319124,30320315,ENSG00000197683,0,0.0
156,3.088269582763543e-05,6.251397577968392e-05,9.028562439190582e-05,26393635,26569252,ENSG00000197934,0,6.122743199974173e-05
160,0.0,0.0,0.0008551799076543214,16539828,16539911,ENSG00000199030,0,0.00028505996921810714
161,0.0,0.0,0.0,36851911,36852028,ENSG00000199806,0,0.0
162,0.0,0.0,0.00017606645129355228,32377187,32377322,ENSG00000200792,0,5.868881709785076e-05
163,0.0,0.0,0.0,46525618,46525722,ENSG00000202239,0,0.0
164,0.00017217334907272363,0.0012391826020132235,0.000143814038491505,13936993,13937325,ENSG00000203616,0,0.0005183899965258174
165,0.0,0.0,0.0,45827961,45837987,ENSG00000205424,0,0.0
166,0.0,0.0,0.0,44550357,44551505,ENSG00000205445,0,0.0
168,0.0,2.391329164184026e-06,6.660650236096797e-06,38812878,38956467,ENSG00000205622,0,3.0173264667602743e-06
169,3.6305548857139918e-06,6.532544886593922e-06,3.0325525965599366e-06,34375480,34416961,ENSG00000205670,0,4.398550789622617e-06
170,0.0012917751242663624,0.0013352993095555328,0.0010911133006740164,33642400,33899861,ENSG00000205726,0,0.0012393959114986371
171,0.0015547027665299153,0.0018245820331137836,0.0016978996895989922,33589341,33643926,ENSG00000205758,0,0.001692394829747564
172,3.112097409345256e-05,0.0,2.9708482906118567e-05,32772100,33019751,ENSG00000205930,0,2.027648566652371e-05
173,0.0,0.0,0.0,30590105,30590397,ENSG00000206106,0,0.0
174,0.0,0.0,0.0002956177459404662,16539089,16539169,ENSG00000207638,0,9.853924864682207e-05
175,0.0,0.0,0.0,15614283,15614389,ENSG00000212564,0,0.0
176,0.00021857431921380716,0.0004235388042749813,0.0003230122350923472,25361821,25381756,ENSG00000213885,0,0.00032170845286037857
177,0.0,0.0,0.0,36295173,36295702,ENSG00000214867,0,0.0
178,9.834258239673282e-05,0.0,4.107210555123743e-05,36132450,36133032,ENSG00000214889,0,4.647156264932342e-05
179,3.5611009663897695e-05,0.0,0.0,34205055,34325034,ENSG00000214955,0,1.1870336554632565e-05
180,0.0,0.0,0.0,28901779,28903697,ENSG00000215317,0,0.0
181,0.0,0.0,0.0,27143344,27143949,ENSG00000215326,0,0.0
182,5.779609388178138e-05,0.0,0.0,20828127,20828622,ENSG00000215351,0,1.926536462726046e-05
183,1.86989740933955e-05,7.149671652877348e-05,0.00011546901035385,15928296,16646364,ENSG00000215386,0,6.855490032533965e-05
184,0.00011726442832757166,0.0001929847946239609,0.00016484162260763024,46229196,46259390,ENSG00000215424,0,0.0001583636151863876
185,5.8815887569154495e-06,0.0,4.912810000023889e-06,43805758,43812567,ENSG00000215458,0,3.5981329189797796e-06
186,5.274491748398705e-05,0.0,0.00011014276619967366,29193480,29288205,ENSG00000215533,0,5.429589456122023e-05
187,5.328413125544475e-05,2.1305648882405327e-05,4.945278292598594e-05,13909574,13980437,ENSG00000215559,0,4.1347521021278675e-05
188,0.0,4.004734113104456e-05,3.718173526446539e-05,27420380,27421023,ENSG00000217026,0,2.5743025465169985e-05
189,0.0,0.0,7.330113472630063e-05,25169431,25361868,ENSG00000222042,0,2.4433711575433543e-05
190,0.0,0.0,0.0,13968489,13968595,ENSG00000223287,0,0.0
191,7.940959166553911e-05,7.144179482385658e-05,0.0,26889376,26939742,ENSG00000223563,0,5.028379549646523e-05
192,0.0,0.0,5.701199375219788e-05,14582202,14598303,ENSG00000223662,0,1.9003997917399293e-05
193,0.0,0.0,0.00016783904730945887,46462471,46469306,ENSG00000223692,0,5.594634910315296e-05
194,0.0,0.0,2.1591557868574785e-05,36485983,36487411,ENSG00000223741,0,7.197185956191595e-06
195,0.0024795199490838635,0.002281505295812653,0.0022471061484946064,45288035,45297806,ENSG00000223768,0,0.002336043797797041
196,3.859990510772418e-05,1.157562308334635e-05,4.29892948644048e-05,33263873,33266296,ENSG00000223799,0,3.105494101849178e-05
197,0.0,3.489917151273029e-05,0.0,23390258,23390996,ENSG00000223822,0,1.1633057170910096e-05
198,5.1328312450572285e-05,9.235626799538601e-05,0.00010718459030857117,46220269,46225364,ENSG00000223901,0,8.36230569181765e-05
199,0.0,0.0001350287322876317,0.0004387834080117218,41180097,41180626,ENSG00000224388,0,0.00019127071343311782
200,2.6084497161636345e-05,0.0,8.715209221155725e-05,46037052,46039807,ENSG00000224413,0,3.774552979106453e-05
201,0.0,0.0,0.0,26158091,26175824,ENSG00000224541,0,0.0
202,0.0,4.672189869473039e-05,0.0,45407386,45410065,ENSG00000224574,0,1.5573966231576796e-05
203,0.0,0.0,0.0,34135432,34136071,ENSG00000224598,0,0.0
204,0.00017533249297361738,7.88699934963739e-05,0.0,29182027,29187795,ENSG00000224649,0,8.473416215666375e-05
205,0.0,0.0,0.0,44469929,44472516,ENSG00000224747,0,0.0
206,0.000110457086556342,0.0001286017074722052,0.00011939955168629218,36966461,36975164,ENSG00000224790,0,0.00011948611523827978
207,0.0,0.0,5.840253000121632e-05,13824406,13825635,ENSG00000224860,0,1.946751000040544e-05
208,6.381048971125524e-05,0.0003013913447649707,0.0001732250900002129,14027415,14144468,ENSG00000224905,0,0.00017947564149214628
209,0.0,0.0,0.0,20651450,20803816,ENSG00000224924,0,0.0
210,0.0,0.0,0.0,46420553,46421034,ENSG00000225043,0,0.0
211,0.00010058548317917712,0.0,0.0002520530251540699,42831040,42836477,ENSG00000225218,0,0.00011754616944441565
212,0.0,0.0,0.0,39630271,39726085,ENSG00000225330,0,0.0
213,0.0,2.9746813881492863e-05,0.0,44158740,44160076,ENSG00000225331,0,9.915604627164288e-06
214,4.338533874331136e-05,6.830624846555784e-05,4.5298973656187155e-05,34353099,34375364,ENSG00000225555,0,5.233018695501878e-05
215,0.0,0.0,0.0,38237217,38238201,ENSG00000226012,0,0.0
216,0.0,0.0,0.0,22209920,22420819,ENSG00000226043,0,0.0
217,0.00061336755693478,0.0007841702408346653,0.0004584072476916722,36130489,36131376,ENSG00000226054,0,0.0006186483484870391
218,0.0,0.0001452985235891849,0.0,46056516,46057567,ENSG00000226115,0,4.8432841196394964e-05
219,0.0,0.0,8.592716741682326e-05,14829154,14829989,ENSG00000226406,0,2.8642389138941086e-05
220,0.0,1.003520943947594e-05,9.31713516999764e-05,41141493,41148198,ENSG00000226496,0,3.4402187046484116e-05
221,0.00016349921655596647,0.0,0.0,33334571,33335096,ENSG00000226501,0,5.449973885198882e-05
222,0.0,0.0,0.0,33110867,33123725,ENSG00000226527,0,0.0
223,0.0,0.0,0.0,43855890,43856342,ENSG00000226543,0,0.0
224,0.00019634837446849728,0.0001766471776657935,0.0,17500679,17500824,ENSG00000226580,0,0.00012433185071143024
225,0.0,0.0,0.0,21223295,21226829,ENSG00000226771,0,0.0
226,3.2950416680281656e-05,5.9288478187296664e-05,0.0,28539318,28540355,ENSG00000226935,0,3.074629828919277e-05
227,0.00012934187436433703,0.0002221494038579614,0.00014732385624251652,44921051,44929680,ENSG00000227039,0,0.00016627171148827165
228,0.0,0.0,0.0,25692180,25692554,ENSG00000227054,0,0.0
229,3.727810468109261e-05,0.0,9.341366978859531e-05,32277863,32280988,ENSG00000227256,0,4.3563924823229306e-05
230,0.00017063608739737514,0.0001151361066373928,0.0004275899538271607,46093264,46097530,ENSG00000227438,0,0.00023778738262064287
231,4.3699485554771144e-05,3.9314768327454634e-05,5.110221417961211e-05,34157724,34190244,ENSG00000227456,0,4.470548935394596e-05
232,0.00019239505111026358,5.769684126981689e-05,0.00016070494908019894,41874756,41877613,ENSG00000227698,0,0.0001369322804867598
233,0.0,0.00013455906764567367,0.0,41679181,41697336,ENSG00000227702,0,4.485302254855789e-05
234,0.0,0.0,0.0,44473723,44475097,ENSG00000227999,0,0.0
235,9.619752555513179e-05,8.654526155046947e-05,0.00012052871146731094,36360630,36362040,ENSG00000228107,0,0.00010109049952430405
236,0.0,0.0,0.0,46246890,46247682,ENSG00000228137,0,0.0
237,2.3672058337328278e-05,0.0,1.9772945528606003e-05,36168970,36170180,ENSG00000228149,0,1.4481667955311427e-05
238,0.0,0.0,0.0,13525599,13528579,ENSG00000228184,0,0.0
239,0.0,0.0,5.578343007207538e-05,13843133,13848364,ENSG00000228314,0,1.8594476690691794e-05
240,0.0,0.0,8.582450655416283e-05,41441056,41445708,ENSG00000228318,0,2.860816885138761e-05
241,0.0,0.0,0.0,39491544,39491898,ENSG00000228349,0,0.0
242,0.0,0.0,0.0,45378201,45379635,ENSG00000228355,0,0.0
243,0.0,0.0,0.0,46185079,46188941,ENSG00000228404,0,0.0
244,0.0,1.3364678296356604e-05,0.0,23352929,23423778,ENSG00000228592,0,4.4548927654522015e-06
245,0.0003397166952422823,0.0005172203590761593,0.00048021041288239403,37187666,37193926,ENSG00000228677,0,0.00044571582240027853
246,3.143296376324346e-05,0.0,7.876657053206598e-05,44485463,44495519,ENSG00000228709,0,3.673317809843648e-05
247,0.0,5.9931420712618436e-05,0.00011128599880596352,29370497,29373709,ENSG00000228817,0,5.707247317286065e-05
248,0.0,0.0,0.00012471373616151373,45376191,45376382,ENSG00000228930,0,4.157124538717124e-05
249,0.0,0.0,0.0,31060600,31063168,ENSG00000228941,0,0.0
250,0.0,0.0,0.0,32496812,32497311,ENSG00000229007,0,0.0
251,0.0,0.0,0.0,31706555,31706864,ENSG00000229046,0,0.0
252,0.00015302595710480559,0.0002294527393801682,0.0009373502190342248,14961309,14964233,ENSG00000229047,0,0.00043994297183973284
253,0.0,0.0,0.0,19739709,19740150,ENSG00000229336,0,0.0
254,0.0,0.0,0.0,44450986,44455284,ENSG00000229356,0,0.0
255,0.0,0.0,0.0,45336707,45338665,ENSG00000229382,0,0.0
256,0.0,2.5240249118326297e-06,0.0,15368966,15627342,ENSG00000229425,0,8.413416372775432e-07
257,9.02893311877649e-05,4.061494193445431e-05,3.770872019605885e-05,39235386,39236020,ENSG00000229623,0,5.6204331106092684e-05
258,0.0,0.0,0.0,44675868,44678086,ENSG00000229880,0,0.0
259,2.003274799425237e-05,0.0,0.0,25515349,25518865,ENSG00000229962,0,6.67758266475079e-06
260,0.0,0.0,0.0,44414588,44425272,ENSG00000230061,0,0.0
261,0.002017544085259597,0.0012366668603121984,0.0015185561234009517,36069642,36126640,ENSG00000230212,0,0.0015909223563242492
262,0.0,0.0,0.0,32080316,32197813,ENSG00000230323,0,0.0
263,3.0159771101524315e-05,4.070040191259294e-05,2.5192043313916163e-05,37208503,37221736,ENSG00000230366,0,3.2017405442677805e-05
264,0.0003531192486323434,0.00043321088302397334,0.00021451321314509145,36430360,36481070,ENSG00000230479,0,0.000333614448267136
265,0.0,5.2490816707962497e-05,0.0,31627127,31628600,ENSG00000230870,0,1.7496938902654164e-05
266,0.0,0.0,0.0,13905960,13906488,ENSG00000230965,0,0.0
267,0.0,0.0,0.0,34723807,34737204,ENSG00000230978,0,0.0
268,0.0,0.00016639024443538384,0.0001029894080021307,46653558,46654022,ENSG00000230982,0,8.979321747917151e-05
269,8.206162945464525e-05,7.382773221366314e-05,4.569663656428325e-05,36005137,36007838,ENSG00000231106,0,6.719533274419721e-05
270,0.0,0.0,0.0,38238227,38238664,ENSG00000231123,0,0.0
271,0.0006498784986531114,0.00019489033696143532,0.0005428346012182225,29058073,29060095,ENSG00000231125,0,0.0004625344789442564
272,3.3372366193462575e-05,6.004770166016494e-05,2.7875480272641454e-05,38323635,38333421,ENSG00000231231,0,4.043184937542299e-05
273,2.2026018542057042e-05,0.00010898784718495716,8.279113937387544e-05,27358885,27448579,ENSG00000231236,0,7.126833503362988e-05
274,0.0,0.0,0.0,35599732,35600022,ENSG00000231300,0,0.0
275,0.0,0.0,0.0,36632681,36637033,ENSG00000231324,0,0.0
276,1.60508750947796e-05,0.0,0.0,39727755,39730680,ENSG00000231713,0,5.350291698259867e-06
277,1.4114654426942029e-05,0.0,0.0,28048404,28137611,ENSG00000232079,0,4.7048848089806765e-06
278,0.0,0.0,0.0,29370019,29376339,ENSG00000232118,0,0.0
279,0.0,1.2199852396466082e-05,1.1326886153228834e-05,44200602,44207399,ENSG00000232124,0,7.84224618323164e-06
280,0.0,0.0,0.0,18917934,18935859,ENSG00000232193,0,0.0
281,0.0,0.0,0.0,17518526,17518993,ENSG00000232260,0,0.0
282,0.0,0.0,0.0,41715806,41717975,ENSG00000232401,0,0.0
283,0.0,0.0,0.0,39216624,39217506,ENSG00000232608,0,0.0
284,9.851155590452241e-05,0.0,0.0,32306464,32308737,ENSG00000232623,0,3.283718530150747e-05
285,0.00010206270656941337,4.5910970868778085e-05,1.0656447404684594e-05,26378552,26471698,ENSG00000232692,0,5.2876708280958684e-05
286,0.00024605445337033135,0.00040720384636139197,0.00023089948088651438,28328738,28674848,ENSG00000232855,0,0.0002947192602060792
287,0.0,9.639502087480704e-06,4.4748718234238435e-06,14676689,14763259,ENSG00000232884,0,4.704791303634849e-06
288,0.0,0.0004061494158019844,0.0,44339376,44340470,ENSG00000232969,0,0.00013538313860066145
289,0.0,0.0,8.425417768869577e-06,42916803,42925630,ENSG00000233056,0,2.8084725896231925e-06
290,0.0,0.0,0.0,37717102,37719569,ENSG00000233213,0,0.0
291,0.0,0.0,0.0,22008756,22098518,ENSG00000233215,0,0.0
292,0.0,0.0,0.0,27367014,27367947,ENSG00000233300,0,0.0
293,0.0,0.0,0.0,38206156,38208644,ENSG00000233316,0,0.0
294,0.0,0.0,0.0,40615378,40630767,ENSG00000233756,0,0.0
295,0.0,0.0,0.0,46072085,46072248,ENSG00000233767,0,0.0
296,0.0,0.0,0.0,25928754,25952614,ENSG00000233783,0,0.0
297,0.0003163575674648686,0.0009195250358953196,8.130742722575022e-05,36445731,36532408,ENSG00000233818,0,0.0004390633435286462
298,4.025679535148593e-06,1.08652529123013e-05,3.36259477012997e-06,45590771,45603088,ENSG00000233922,0,6.0845090725266205e-06
299,5.744862229590435e-05,0.0,0.0,33518610,33519108,ENSG00000233956,0,1.914954076530145e-05
300,0.0,0.0,0.0,21746973,21797415,ENSG00000233997,0,0.0
301,4.676486587043139e-05,0.0,0.0,35887195,35887807,ENSG00000234008,0,1.5588288623477132e-05
302,0.0,0.0,0.0,27638613,27675024,ENSG00000234052,0,0.0
303,0.0,9.017653090418597e-05,0.0,27954922,27985295,ENSG00000234083,0,3.0058843634728657e-05
304,0.0,0.0,0.0,31840341,31840858,ENSG00000234107,0,0.0
305,0.0,0.0,0.0,15744004,15745080,ENSG00000234159,0,0.0
306,6.138514515461769e-05,0.0,0.0,43565182,43565648,ENSG00000234289,0,2.046171505153923e-05
307,0.0,0.00044466358498770154,0.00041284547273163884,29496047,29500386,ENSG00000234293,0,0.0002858363525731135
308,6.906397561288171e-05,5.7354680401442016e-05,7.100085244579851e-05,34745756,34784886,ENSG00000234380,0,6.580650282004074e-05
309,1.283782509541457e-05,6.929822088061972e-05,1.072325904089551e-05,31653593,31659500,ENSG00000234509,0,3.0953101672309935e-05
310,0.0,0.0,0.0001029156333206738,35136638,35139222,ENSG00000234703,0,3.430521110689127e-05
311,0.0,0.0,0.0,44989864,44994086,ENSG00000234880,0,0.0
312,0.0002145990964221443,0.00025742221258183835,0.0002539398849369207,25561810,25575168,ENSG00000234883,0,0.00024198706464696775
313,7.202729697258502e-06,0.0,0.0,39525583,39529855,ENSG00000235012,0,2.400909899086167e-06
314,0.0,0.0,0.0,40383083,40385358,ENSG00000235123,0,0.0
315,0.0002718784396367694,0.00015654317391311753,0.00034518642671468354,45070952,45074165,ENSG00000235374,0,0.0002578693467548568
316,0.0,0.0,0.0,25762938,25763333,ENSG00000235514,0,0.0
317,0.0006285532378111323,0.0013223660525626885,0.0014781385886718102,14818843,15014430,ENSG00000235609,0,0.0011430192930152103
318,0.00011736688867243458,0.00013198816759680914,2.4508738530808123e-05,39171130,39172106,ENSG00000235701,0,9.128793160001728e-05
319,0.0,0.0,0.0,39488327,39488760,ENSG00000235808,0,0.0
320,0.0,3.693325063391175e-06,0.0,38988569,39062894,ENSG00000235888,0,1.2311083544637249e-06
321,2.43455310870215e-05,2.1902749989330762e-05,1.0167743794221846e-05,44506807,44516575,ENSG00000235890,0,1.8805341623524703e-05
322,0.0,0.0,0.0,29222321,29223257,ENSG00000236056,0,0.0
323,4.7266055596065144e-05,0.0,0.0,27361121,27395787,ENSG00000236332,0,1.5755351865355047e-05
324,0.0,0.0,2.265377230645767e-05,41711520,41715775,ENSG00000236384,0,7.551257435485889e-06
325,0.0,0.0001156524118989952,5.368842494791917e-05,15067070,15067837,ENSG00000236471,0,5.644694561563813e-05
326,0.0,0.0,0.0,44801883,44804717,ENSG00000236519,0,0.0
327,3.233712637042603e-05,4.363872765013798e-05,2.7010758505365678e-05,28116094,28228667,ENSG00000236532,0,3.432887084197656e-05
328,0.0,0.0,0.0,41870633,41872054,ENSG00000236545,0,0.0
329,0.00025710190698870406,5.782620630375348e-05,5.368842494791917e-05,36060432,36064408,ENSG00000236677,0,0.0001228721794134589
330,0.00023521197827621495,0.0003043723987203057,0.00019108661961210363,36131767,36175815,ENSG00000236830,0,0.00024355699886954144
331,0.0003109204189478978,5.5944659133538066e-05,0.00010388302555008158,41739373,41741308,ENSG00000236883,0,0.00015691603454383914
332,8.333390280628943e-05,0.00012138380217064374,0.00012927138148528252,42009194,42055130,ENSG00000237232,0,0.00011132969548740522
333,0.0,0.0,9.793471301307556e-05,39217093,39219805,ENSG00000237373,0,3.264490433769185e-05
334,0.0,0.0,0.0,25031005,25031529,ENSG00000237444,0,0.0
335,0.0,0.0,2.517085659456065e-06,24306939,24547942,ENSG00000237484,0,8.390285531520217e-07
336,0.0,0.0,4.9885494876011414e-05,21655038,21686329,ENSG00000237527,0,1.6628498292003803e-05
337,0.0,0.0,0.0,23407658,23409128,ENSG00000237569,0,0.0
338,0.0,0.0,0.0,39028536,39029128,ENSG00000237609,0,0.0
339,0.0,0.00019427862846786863,0.0,36803984,36806284,ENSG00000237646,0,6.475954282262288e-05
340,0.0001260081875766831,0.0,5.2626455982236975e-05,45338590,45341990,ENSG00000237664,0,5.9544881186306694e-05
341,0.0,0.0,0.0,25643489,25644216,ENSG00000237731,0,0.0
342,0.00012303374558627947,0.0,0.0,43322417,43332039,ENSG00000237864,0,4.1011248528759825e-05
343,0.00017796810661925265,0.00022667420996450802,0.0001787192385110176,33915534,33977703,ENSG00000237945,0,0.00019445385169825945
344,0.00010245483418168338,4.6087361952748204e-05,0.0001626003256513314,43358147,43362349,ENSG00000237989,0,0.00010371417392858765
345,0.0,0.0,0.0,39315707,39323218,ENSG00000238141,0,0.0
346,5.8509487131979026e-05,8.271805823332772e-05,5.5853911449119035e-05,32728094,32747065,ENSG00000238197,0,6.569381893814192e-05
347,0.0,0.0,0.0,32624416,32625096,ENSG00000238220,0,0.0
348,0.0006478387041098975,0.0002914179423475471,0.0002705653941363354,31664306,31664482,ENSG00000238390,0,0.00040327401353126
349,0.0,0.0,0.0,16718998,16719157,ENSG00000239023,0,0.0
350,5.0359003129147274e-05,4.530608321777797e-05,6.309627800376925e-05,46251549,46254133,ENSG00000239415,0,5.292045478356483e-05
351,0.0,5.743983926208913e-05,0.0,42496539,42497443,ENSG00000239930,0,1.9146613087363042e-05
352,0.0,0.0,0.0,17763315,17792523,ENSG00000240770,0,0.0
353,0.003942824012819655,0.0034983942590729265,0.002930812149057912,33903453,33915814,ENSG00000241837,0,0.0034573434736501645
354,0.0003227589453597985,0.00022626542986231064,0.00016805992017866736,44107373,44131181,ENSG00000241945,0,0.00023902809846692552
355,0.0,0.0,0.0,32497967,32587373,ENSG00000242220,0,0.0
356,0.00016538574614044646,9.919418427800926e-05,0.0,37221419,37237744,ENSG00000242553,0,8.819331013948525e-05
357,0.0,0.0,0.0,14236206,14362754,ENSG00000243064,0,0.0
358,0.0001710131003435299,0.00015385399349656287,0.00014284489847260124,33266367,33311420,ENSG00000243646,0,0.00015590399743756469
359,0.0013082233139539196,0.000669961188515211,0.0012552512004225824,34073224,34143034,ENSG00000243927,0,0.0010778119009639043
360,0.0,0.0,0.0,30491462,30492013,ENSG00000244025,0,0.0
361,0.0,0.00028403621070929673,0.0002109694928033225,17793488,17810845,ENSG00000244676,0,0.00016500190117087307
362,0.0003491700686434616,0.00031413505361074513,0.00029165697175809934,29351634,29361894,ENSG00000248476,0,0.00031832069800410203
363,0.0,0.0,0.0,33584687,33931607,ENSG00000249209,0,0.0
364,0.0,0.00020967876323223846,0.0,14064325,14069087,ENSG00000249493,0,6.989292107741281e-05
365,0.0,0.0,6.351469085526598e-06,33229892,33297160,ENSG00000249624,0,2.1171563618421996e-06
366,0.00028104767285261676,0.0,0.00023475526839140305,25943044,25943145,ENSG00000251972,0,0.0001719343137480066
367,0.00016731631887793608,5.017604648886795e-05,0.0001863427033999528,39313907,39314962,ENSG00000255568,0,0.00013461168958891896
368,0.0010694016158974173,0.0008379580910255747,0.000950885962101051,32393095,32393980,ENSG00000256073,0,0.0009527485563413477
369,0.0,0.0,0.0,30089717,30097836,ENSG00000259981,0,0.0
370,0.00030879923913538956,0.0004167224260408864,0.00021494647569337712,25582770,25583326,ENSG00000260583,0,0.00031348938028988435
371,0.0,0.0,0.0,41167557,41167629,ENSG00000263681,0,0.0
372,0.0,0.0,0.0,37215605,37215903,ENSG00000263969,0,0.0
374,0.0,0.0002865609767244143,0.00013302798587891274,8986999,8987178,ENSG00000264462,0,0.00013986298753444236
375,7.4166570361132255e-06,8.006981916794275e-06,8.673044365247651e-06,32402511,32612865,ENSG00000265590,0,8.032227772718384e-06
376,0.0,0.0,0.0,17506453,17506728,ENSG00000266195,0,0.0
377,0.0,0.0,0.0,45100487,45101094,ENSG00000267857,0,0.0
378,0.0,0.0,0.0,16291079,16310382,ENSG00000270071,0,0.0
379,0.0004327073608192206,0.0001946451918977558,0.0,37100814,37101343,ENSG00000270116,0,0.00020911751757232548
380,3.089101536801345e-05,6.947868519861035e-05,1.290142095858154e-05,9975017,10119309,ENSG00000270533,0,3.775704050840178e-05
381,0.0,0.0,0.0,34073592,34360033,ENSG00000272657,0,0.0
382,0.0003517406460647038,0.0013844587068737812,3.672551763703203e-05,44936303,44936954,ENSG00000272825,0,0.0005909749568585057
383,0.0,0.00018060565758155913,0.00010060940073917272,37267784,37268497,ENSG00000272948,0,9.373835277357728e-05
384,0.0001995373273222727,0.0002991935951796842,0.00022222772559315863,39184469,39184899,ENSG00000272991,0,0.00024031954936503853
385,0.0,0.0,0.0002119029858703555,29359002,29359453,ENSG00000273017,0,7.063432862345183e-05
386,0.0,0.0002803313900428471,0.0,44929653,44930112,ENSG00000273027,0,9.344379668094904e-05
387,0.0,0.0,0.0,31735732,31736407,ENSG00000273091,0,0.0
388,0.00024252844864139716,0.0003054710921339423,0.0,33967100,33968573,ENSG00000273102,0,0.00018266651359177984
389,0.00016306520293235568,0.00017604428589237833,0.00013620612886051665,36319792,36320670,ENSG00000273199,0,0.00015843853922841689
390,0.00018859778085305687,0.0,0.00010502209404275465,37365477,37365932,ENSG00000273210,0,9.787329163193718e-05
391,0.0006310315682929643,0.0005271640613897553,0.0006023908779897662,29024255,29024890,ENSG00000273254,0,0.000586862169224162
392,0.0008820573130367817,0.0015871069484481482,0.0015656370613574909,31666728,31667247,ENSG00000273271,0,0.0013449337742808068
393,0.0,6.054105114123783e-05,0.0,29657406,29657831,ENSG00000273464,0,2.018035038041261e-05
394,0.0,0.0,1.6922287832760974e-05,26170871,26217381,ENSG00000273492,0,5.640762610920325e-06
395,0.0,5.964497720784981e-06,0.0,7744951,7758630,ENSG00000273590,0,1.988165906928327e-06
396,0.0,0.0,0.0,45403809,45404943,ENSG00000273796,0,0.0
397,0.0004006238569924452,0.0,0.0,44477850,44478493,ENSG00000274225,0,0.00013354128566414838
398,0.0,0.00022185365971951965,0.0001544841123460343,45974489,45974953,ENSG00000274248,0,0.00012544592402185132
399,0.0003150204685101068,0.00018035306251688366,0.00038273786094098546,6444869,6467513,ENSG00000274276,0,0.00029270379732265864
400,0.0,2.9454647018850242e-06,2.7347001937547678e-06,5553637,5614880,ENSG00000274333,0,1.8933882985465974e-06
401,0.0,0.0,0.0,10521553,10606140,ENSG00000274391,0,0.0
402,0.0,0.0,0.0,5972924,5973383,ENSG00000274559,0,0.0
403,0.0,7.154088160838175e-05,0.0,30829039,30829759,ENSG00000274749,0,2.3846960536127252e-05
404,0.0,0.0,0.0,45759804,45763758,ENSG00000275139,0,0.0
405,0.0004095266094084196,0.0,0.0,41746772,41746841,ENSG00000275166,0,0.00013650886980280655
406,0.00017376145506923268,0.0001223425439678539,0.00011358826543436735,5130871,5154658,ENSG00000275464,0,0.00013656408815715133
407,2.988206694991915e-05,8.961253642555692e-05,8.320027227910344e-06,6228966,6267317,ENSG00000275496,0,4.260487686779548e-05
408,0.0,0.0,0.0,39447010,39447069,ENSG00000275523,0,0.0
410,0.0,0.0,0.0,44999208,45004727,ENSG00000275874,0,0.0
411,4.382918078430584e-05,5.334843262384611e-05,2.1535243940164533e-05,6484623,6499248,ENSG00000275895,0,3.9570952449438826e-05
412,0.0,0.0,0.0,10330732,10331537,ENSG00000275945,0,0.0
413,0.00013600202984495298,2.6599100251001735e-05,0.00019262715720333662,6111131,6123778,ENSG00000275993,0,0.00011840942909976378
414,8.46379178199776e-06,5.330186427239967e-05,0.0,7430659,7469007,ENSG00000276077,0,2.0588552018132475e-05
415,0.0,7.067823384208702e-06,0.0,7816677,7829632,ENSG00000276289,0,2.355941128069567e-06
416,0.0,0.00023287122281861087,0.0001621560093115725,44978832,44979274,ENSG00000276529,0,0.00013167574404339446
417,0.0,0.0,0.0,45870854,45873345,ENSG00000276633,0,0.0
418,0.0,8.433776638613404e-06,0.0,7048891,7087229,ENSG00000277067,0,2.8112588795378012e-06
419,3.41577150948711e-05,1.5365200175772008e-05,2.853147113084815e-05,5022531,5036771,ENSG00000277117,0,2.6018128800497087e-05
420,0.0,0.0,0.0,10649400,10649835,ENSG00000277282,0,0.0
421,0.00046994856793303175,0.0,0.0,8208844,8208904,ENSG00000277437,0,0.00015664952264434392
422,0.0,0.0,0.0,8256781,8256933,ENSG00000277739,0,0.0
423,3.685634075633058e-06,0.0,0.0,7669397,7681742,ENSG00000277991,0,1.228544691877686e-06
424,0.0,0.0,0.0,10397644,10397778,ENSG00000278106,0,0.0
425,0.00018736511552281182,0.0,0.0,8212572,8212724,ENSG00000278233,0,6.245503850760394e-05
426,4.834209552239147e-05,0.0,0.0,7020599,7025166,ENSG00000278884,0,1.6114031840797155e-05
427,0.0,1.5148598216240991e-05,0.0,6318378,6360415,ENSG00000278903,0,5.049532738746997e-06
428,5.0797747962636856e-05,0.0,0.0,8857260,8880976,ENSG00000278931,0,1.6932582654212285e-05
429,0.0,5.426720231395334e-05,1.259602199979635e-05,9325013,9370490,ENSG00000278932,0,2.2287741437916565e-05
430,0.0,0.0,0.0,8197620,8227646,ENSG00000278996,0,0.0
431,0.0,4.584975616254441e-05,0.0,5499151,5502542,ENSG00000279094,0,1.528325205418147e-05
432,7.465328850610223e-05,0.0,0.0,9369285,9376645,ENSG00000279208,0,2.4884429502034078e-05
433,3.0271238095516114e-05,1.361694177753555e-05,0.0,36485867,36487760,ENSG00000279365,0,1.4629393291017222e-05
434,0.0,0.0,0.0,15050189,15052379,ENSG00000279390,0,0.0
435,0.0,0.0,9.408659068620803e-05,9026821,9027329,ENSG00000279414,0,3.1362196895402674e-05
436,0.0,0.0,0.0,8996496,9018670,ENSG00000279501,0,0.0
437,0.0,0.0,0.0,9364467,9365225,ENSG00000279718,0,0.0
438,0.0001716578604068158,0.0,4.779448587472014e-05,9082601,9083101,ENSG00000279720,0,7.315078209384531e-05
439,0.0,0.0,0.0,6986450,6997765,ENSG00000280018,0,0.0
440,0.0006022450142421238,0.00047513180694471076,0.0003018282029031947,5116341,5128369,ENSG00000280071,0,0.0004597350080300098
441,0.0,0.0,0.0,6081193,6082585,ENSG00000280095,0,0.0
442,0.0,0.0,9.061508922583067e-06,41175231,41186788,ENSG00000280109,0,3.0205029741943556e-06
443,0.0,0.0,6.39216193104235e-06,6630182,6670695,ENSG00000280145,0,2.130720643680783e-06
444,0.0,0.0,0.0,6721812,6725209,ENSG00000280164,0,0.0
445,0.0,0.0,0.0,10028361,10029855,ENSG00000280372,0,0.0
446,0.0,0.0,0.0,16525919,16527019,ENSG00000280432,0,0.0
447,0.0002701922005267644,0.00029551104232886,0.0003009171211738145,5155499,5163695,ENSG00000280433,0,0.0002888734546764796
448,0.0,0.0,0.0,8380643,8454792,ENSG00000280441,0,0.0
449,6.671884237088887e-05,0.00010004068222759443,7.430577907635517e-05,17611696,17633943,ENSG00000280594,0,8.035510122494616e-05
450,4.770852946197151e-05,0.0,0.0,45914296,45919483,ENSG00000280604,0,1.5902843153990502e-05
451,3.105835569771678e-05,0.0,0.0,8437629,8438551,ENSG00000281181,0,1.035278523257226e-05
452,0.0,0.0,0.0,8254592,8255514,ENSG00000281383,0,0.0
453,0.0,0.0,0.0,43748365,43748468,ENSG00000281420,0,0.0
454,5.520441203610445e-05,9.223558293883422e-05,0.0001317471105643338,14819699,14918552,ENSG00000281903,0,9.306236851309084e-05
455,0.0,0.0,0.0,44172169,44194338,ENSG00000285413,0,0.0
456,2.6955207240513323e-05,1.2125287911938048e-05,0.0,39380332,39515506,ENSG00000285815,0,1.3026831717483791e-05
457,0.0010588307688763918,0.001093714261620548,0.0010154530224504637,29063446,29064368,ENSG00000286018,0,0.0010559993509824679
458,0.0,0.0,0.0,8762386,8836565,ENSG00000286033,0,0.0
459,0.0,0.0,0.0,8238859,8239092,ENSG00000286057,0,0.0
460,8.345520426007856e-05,1.2513579980012847e-05,3.4854494239508744e-05,34836286,34884882,ENSG00000286153,0,4.360775949320005e-05
461,0.0,0.0,0.0,46326288,46326491,ENSG00000286224,0,0.0
462,7.97409256909921e-05,0.0,3.330325118048398e-05,45299929,45302964,ENSG00000286262,0,3.768139229049203e-05
463,0.0,0.0,0.0,41007244,41037362,ENSG00000286425,0,0.0
464,0.0,0.0,0.0,36526280,36542855,ENSG00000286517,0,0.0
465,0.0,0.0,0.0,43107942,43168646,ENSG00000286549,0,0.0
466,0.0,0.0,0.0,37593977,37661496,ENSG00000286717,0,0.0
467,0.0,0.0,0.0,45861830,45888638,ENSG00000286886,0,0.0
468,0.0,0.0,0.0,25646113,25654671,ENSG00000287109,0,0.0
469,0.001961416918972747,0.004533696295823507,0.0007813643783890226,38503562,38543336,ENSG00000287470,0,0.002425492531061759
470,0.0,0.0,0.0,43768320,43771666,ENSG00000287507,0,0.0
471,6.342226290858976e-05,7.988204230023468e-05,0.00011654664222869554,37337382,37366858,ENSG00000287637,0,8.661698247917333e-05
472,0.0,0.0,0.0,40736318,40754888,ENSG00000288069,0,0.0
473,0.0,0.0,0.0,15190406,15224394,ENSG00000288555,0,0.0
